ID,LLM,LLM Duration,Request Duration,Websites Checked,Website Max Length,Website Reduced Length,Token Count,Provider URL,Provider Name,Room Name,Description,Min Players,Max Players,Duration,Booking URL,Detail Page URL,Image URL,Genre,Difficulty,Token Limit Reached,Error
0,gpt-4o-mini,18.240393167s,46.592313708s,7,960731,379003,184664,https://final-escape.com/berlin/,Final Escape Berlin,Blutiges Erwachen,"Eine blutige und spannende Herausforderung, die Teamarbeit und Geschicklichkeit erfordert.",3,6,60,https://final-escape.com/berlin/live-escape-game-blutiges-erwachen/#fe-buchen,https://final-escape.com/berlin/live-escape-game-blutiges-erwachen/,https://final-escape.com/berlin/wp-content/uploads/sites/6/2020/08/blutiges_erwachen.jpg,Horror,schwer,false,"ChatCompletion error: error, status code: 400, message: This model's maximum context length is 128000 tokens. However, your messages resulted in 184664 tokens (184330 in the messages, 334 in the functions). Please reduce the length of the messages or functions."
0,gpt-4o-mini,18.240393167s,46.592313708s,7,960731,379003,184664,https://final-escape.com/berlin/,Final Escape Berlin,Prison Break,"Ein spannendes Ausbruchspiel, bei dem du mit bis zu 6 Personen einen Weg aus der Zelle finden musst.",2,6,60,https://final-escape.com/berlin/live-escape-game-prison-break-2/#fe-buchen,https://final-escape.com/berlin/live-escape-game-prison-break-2/,https://final-escape.com/berlin/wp-content/uploads/sites/6/2020/08/prison_break.jpg,Crime,mittel,false,"ChatCompletion error: error, status code: 400, message: This model's maximum context length is 128000 tokens. However, your messages resulted in 184664 tokens (184330 in the messages, 334 in the functions). Please reduce the length of the messages or functions."
0,gpt-4o-mini,18.240393167s,46.592313708s,7,960731,379003,184664,https://final-escape.com/berlin/,Final Escape Berlin,The Puppeteer,"Willkommen in der Welt des Puppenspielers, wo nichts ist, wie es scheint!",2,6,60,https://final-escape.com/berlin/live-escape-game-the-puppeteer/#fe-buchen,https://final-escape.com/berlin/live-escape-game-the-puppeteer/,https://final-escape.com/berlin/wp-content/uploads/sites/6/2020/08/the_puppeteer.jpg,Fantasy,mittel,false,"ChatCompletion error: error, status code: 400, message: This model's maximum context length is 128000 tokens. However, your messages resulted in 184664 tokens (184330 in the messages, 334 in the functions). Please reduce the length of the messages or functions."
0,gpt-4o-mini,18.240393167s,46.592313708s,7,960731,379003,184664,https://final-escape.com/berlin/,Final Escape Berlin,Robot Paranoia,"Eine futuristische Herausforderung, bei der du gegen eine KI antreten musst.",2,6,60,https://final-escape.com/berlin/live-escape-game-robot-paranoia/#fe-buchen,https://final-escape.com/berlin/live-escape-game-robot-paranoia/,https://final-escape.com/berlin/wp-content/uploads/sites/6/2020/08/robot_paranoia.jpg,Science Fiction,schwer,false,"ChatCompletion error: error, status code: 400, message: This model's maximum context length is 128000 tokens. However, your messages resulted in 184664 tokens (184330 in the messages, 334 in the functions). Please reduce the length of the messages or functions."
0,gpt-4o-mini,18.240393167s,46.592313708s,7,960731,379003,184664,https://final-escape.com/berlin/,Final Escape Berlin,Last Human,In einer post-apokalyptischen Welt kämpfst du ums Überleben.,2,5,60,https://final-escape.com/berlin/live-escape-game-last-human/#fe-buchen,https://final-escape.com/berlin/live-escape-game-last-human/,https://final-escape.com/berlin/wp-content/uploads/sites/6/2020/08/last_human.jpg,Science Fiction,schwer,false,"ChatCompletion error: error, status code: 400, message: This model's maximum context length is 128000 tokens. However, your messages resulted in 184664 tokens (184330 in the messages, 334 in the functions). Please reduce the length of the messages or functions."
0,gpt-4o-mini,18.240393167s,46.592313708s,7,960731,379003,184664,https://final-escape.com/berlin/,Final Escape Berlin,Das Geisterschiff,Erforsche ein Geisterschiff und deren Geheimnisse.,2,6,60,https://final-escape.com/berlin/live-escape-game-ghost-ship/#fe-buchen,https://final-escape.com/berlin/live-escape-game-ghost-ship/,https://final-escape.com/berlin/wp-content/uploads/sites/6/2020/08/ghost_ship.jpg,Horror,mittel-schwer,false,"ChatCompletion error: error, status code: 400, message: This model's maximum context length is 128000 tokens. However, your messages resulted in 184664 tokens (184330 in the messages, 334 in the functions). Please reduce the length of the messages or functions."
1,gpt-4o-mini,25.242109583s,38.377844875s,4,2036865,120588,63626,https://www.60-minutes.de/,60 MINUTES,DIE EXPEDITION,"Entflieht auf die spannende Expedition, wo Geheimnisse und Herausforderungen auf dich warten. Schärfe deine Sinne und finde die Hinweise, um die Herausforderung zu meistern. Ideal für Gruppen.",2,7,60,https://www.60-minutes.de/buchung,https://www.60-minutes.de/expedition,"https://static.wixstatic.com/media/dda0bb_35bbc05cb880496f84e834755070a165~mv2.jpg/v1/fill/w_298,h_398,q_90/dda0bb_35bbc05cb880496f84e834755070a165~mv2.jpg",Adventure,Medium,false,
1,gpt-4o-mini,25.242109583s,38.377844875s,4,2036865,120588,63626,https://www.60-minutes.de/,60 MINUTES,LAGERHAUS 57,"Im Lagerhaus 57 erwartet dich eine mysteriöse Herausforderung, bei der du und dein Team knifflige Rätsel lösen müsst. Zeigt euren Scharfsinn in dieser packenden Atmosphäre.",2,7,60,https://www.60-minutes.de/buchung,https://www.60-minutes.de/lagerhaus-57,"https://static.wixstatic.com/media/dda0bb_c8dd7bf140c64370af31ad2f4e69ac29~mv2.jpg/v1/fill/w_298,h_398,q_90/dda0bb_c8dd7bf140c64370af31ad2f4e69ac29~mv2.jpg",Crime,Hard,false,
1,gpt-4o-mini,25.242109583s,38.377844875s,4,2036865,120588,63626,https://www.60-minutes.de/,60 MINUTES,GEISTERSTUNDE,"In der Geisterstunde geht es darum, die Geheimnisse aus der Vergangenheit zu lüften. Mit Mut und Teamarbeit könnt ihr die Rätsel lösen und die Geister vertreiben.",2,7,60,https://www.60-minutes.de/buchung,https://www.60-minutes.de/geisterstunde,"https://static.wixstatic.com/media/dda0bb_175f7d16f1084adfb818522b29eaa735~mv2.jpg/v1/fill/w_298,h_398,q_90/dda0bb_175f7d16f1084adfb818522b29eaa735~mv2.jpg",Horror,Medium,false,
2,gpt-4o-mini,19.660761249s,29.069219833s,4,707359,89827,38328,https://www.4walls-escape.com/,4Walls Escape,The Heist,"Reveal as a team of investigators the most spectacular art theft in criminal history! Why does the ""Portrait of a Woman"" turn up again now - after 20 years?",2,6,120,https://www.4walls-escape.com/the-heist,https://www.4walls-escape.com/the-heist,https://www.4walls-escape.com/img/game-11/teaser.jpg,Crime,4/5,false,
2,gpt-4o-mini,19.660761249s,29.069219833s,4,707359,89827,38328,https://www.4walls-escape.com/,4Walls Escape,Mysterious Crime,It starts with a “harmless” burglary but unravels something much bigger: a hidden family secret whose uncovering will draw you in deep.,2,6,150,https://www.4walls-escape.com/mysterious-crime,https://www.4walls-escape.com/mysterious-crime,https://www.4walls-escape.com/img/game-3/teaser.jpg,Crime,4/5,false,
2,gpt-4o-mini,19.660761249s,29.069219833s,4,707359,89827,38328,https://www.4walls-escape.com/,4Walls Escape,The Hunt,"Unprecedented state of emergency - everyone has to deal with these new challenges. Embark on a “puzzling” quest filled with adventure and danger, along the way.",2,6,90,https://www.4walls-escape.com/the-hunt,https://www.4walls-escape.com/the-hunt,https://www.4walls-escape.com/img/game-4/teaser.jpg,Adventure,3/5,false,
3,gpt-4o-mini,30.410838708s,1m5.852573333s,7,1594514,190005,66740,https://www.adventurerooms.de/,Adventure Rooms,Dresden Airport,Art GalleryMafia,2,6,60,https://www.adventurerooms.de/airlines,https://www.adventurerooms.de/airlines,https://www.adventurerooms.de/germany/wp-content/uploads/AdventureRooms-Airlines-Exit-Room.jpg,Adventure,Medium,false,
3,gpt-4o-mini,30.410838708s,1m5.852573333s,7,1594514,190005,66740,https://www.adventurerooms.de/,Adventure Rooms,Cologne,Black QueenHennes (New!)Swiss Original Game,2,6,60,http://www.adventurerooms-koeln.de/en,http://www.adventurerooms-koeln.de/en,https://www.adventurerooms.de/germany/wp-content/uploads/Exit-Room-Koeln.jpg,Adventure,Medium,false,
3,gpt-4o-mini,30.410838708s,1m5.852573333s,7,1594514,190005,66740,https://www.adventurerooms.de/,Adventure Rooms,Munich,AliceBlack QueenMafiaSwiss Original GameWorld Trip,2,6,60,http://www.adventurerooms-munich.de/,http://www.adventurerooms-munich.de/,https://www.adventurerooms.de/germany/wp-content/uploads/Exit-Room-Muenchen.jpg,Adventure,Medium,false,
3,gpt-4o-mini,30.410838708s,1m5.852573333s,7,1594514,190005,66740,https://www.adventurerooms.de/,Adventure Rooms,Hamburg,DreamlikeSwiss Original GameThe crazy Professor,2,6,60,https://www.adventurerooms.de/hamburg/,https://www.adventurerooms.de/hamburg/,https://www.adventurerooms.de/germany/wp-content/uploads/Exit-Room-Hamburg.jpg,Adventure,Medium,false,
3,gpt-4o-mini,30.410838708s,1m5.852573333s,7,1594514,190005,66740,https://www.adventurerooms.de/,Adventure Rooms,On Tour,The Busride,2,6,60,https://www.adventurerooms.de/bus,https://www.adventurerooms.de/bus,https://www.adventurerooms.de/germany/wp-content/uploads/AdventureRooms-Bus-On-Tour.jpg,Adventure,Medium,false,
3,gpt-4o-mini,30.410838708s,1m5.852573333s,7,1594514,190005,66740,https://www.adventurerooms.de/,Adventure Rooms,Magdeburg,NEU ab 2022,2,6,60,https://www.adventurerooms.de/magdeburg/,https://www.adventurerooms.de/magdeburg/,https://www.adventurerooms.de/germany/wp-content/uploads/Exit-Room-Magdeburg.jpg,Adventure,Medium,false,
4,gpt-4o-mini,1m0.247942792s,1m28.109542875s,7,1950319,316563,120455,https://www.adventure-team.eu/,Adventure Team,Aus Versehen Apokalypse,"Ein stillgelegtes, einst hochmodernes Kraftwerk mit herausragender Technik und den besten, hochqualifizierten Arbeitskräften von Nucleus Industries. Scheinbar verlassen… Oder? Tatsächlich wacht hier A.M.E.E., ein einzigartiges, hochmodernes Steuerungssystem. A.M.E.E. kennt das Kraftwerk wie ihre linken Schaltkreise.",3,7,60,https://eu5.bookingkit.de/checkout2/addToCart/?event_id=7fbc44c3f62341e0a0b12414df7bd9cf&lang=de&t=TeamEscape,https://teamescape.com/hamburg/escape-rooms/aus-versehen-apokalypse/,https://cdn.bookingkit.de/vendor_images/99fd58f8788703aaee3aae6122039953/detail/Aus_Versehen_Apokalypse-Cover.jpg,Spannung,Hoch,false,
4,gpt-4o-mini,1m0.247942792s,1m28.109542875s,7,1950319,316563,120455,https://www.adventure-team.eu/,Adventure Team,Die Zelle,Durch eure legendären Banküberfälle in den letzten Monaten habt ihr euch in der Region bereits einen Namen gemacht. Doch bei eurem letzten Überfall ging etwas schief. Nun sitzt ihr in der Strafanstalt Fuhlsbüttel - genannt Santa Fu. Dort kam es in den 70er-Jahren zu mehreren Ausbrüchen.,4,6,60,https://eu5.bookingkit.de/checkout2/addToCart/?event_id=8e2e32e063ff8eb753be016763b79d1a&lang=de&t=TeamEscape,https://teamescape.com/hamburg/escape-rooms/die-zelle/,https://cdn.bookingkit.de/vendor_images/99fd58f8788703aaee3aae6122039953/detail/Die_Zelle-Cover.jpg,Spannung,Hoch,false,
4,gpt-4o-mini,1m0.247942792s,1m28.109542875s,7,1950319,316563,120455,https://www.adventure-team.eu/,Adventure Team,Heimlich im Museum – Raum A,Die weltweit bekannteste Briefmarkensammlung befindet sich derzeit in einer Sonderausstellung in den Hamburger Deichtorhallen. Unter Kunstsammlern zählen die sechs blauen Mauritien zu den begehrtesten Kunstobjekten der Welt.,2,6,60,https://eu5.bookingkit.de/checkout2/addToCart/?event_id=85da603addbc7c5eaa98d03bf572a4cc&lang=de&t=TeamEscape,https://teamescape.com/hamburg/escape-rooms/heimlich-im-museum-raum-a/,https://cdn.bookingkit.de/vendor_images/99fd58f8788703aaee3aae6122039953/detail/Heimlich_Im_Museum-Cover.jpg,Spannung,Mittel,false,
4,gpt-4o-mini,1m0.247942792s,1m28.109542875s,7,1950319,316563,120455,https://www.adventure-team.eu/,Adventure Team,Heimlich im Museum – Raum B,"Die weltweit bekannteste Briefmarkensammlung befindet sich derzeit in einer Sonderausstellung in den Hamburger Deichtorhallen. Unter Kunstsammlern zählen die sechs blauen Mauritien zu den begehrtesten Kunstobjekten der Welt. Der extravagante Kunstliebhaber Mr. Pink hat es auf die wertvollen Briefmarken abgesehen. Er benötigt ein Team aus hochprofessionellen, top ausgebildeten Spezialisten, um einen Coup der Extraklasse zu begehen – den Diebstahl der blauen Mauritien!",2,6,60,https://eu5.bookingkit.de/checkout2/addToCart/?event_id=9afa8f54855dfd1e57f41cd4d8ba1d8d&lang=de&t=TeamEscape,https://teamescape.com/hamburg/escape-rooms/heimlich-im-museum-raum-b/,https://cdn.bookingkit.de/vendor_images/99fd58f8788703aaee3aae6122039953/detail/Heimlich_Im_Museum-Cover-1709117618.jpg,Spannung,Mittel,false,
4,gpt-4o-mini,1m0.247942792s,1m28.109542875s,7,1950319,316563,120455,https://www.adventure-team.eu/,Adventure Team,Vermächtnis des Zeitreisenden,"Das Raum-Zeit-Gefüge, wie wir es kennen, ist in Gefahr! Die letzte Rettung seid ihr. Springt durch Portale und erlebt eine atemberaubende und unvergessliche Reise durch die unterschiedlichen Epochen der Weltgeschichte.",3,8,60,https://eu5.bookingkit.de/checkout2/addToCart/?event_id=5ec11528010b0ac2947ffb0c5390e8a9&lang=de&t=TeamEscape,https://teamescape.com/hamburg/escape-rooms/vermaechtnis-des-zeitreisenden/,https://cdn.bookingkit.de/vendor_images/99fd58f8788703aaee3aae6122039953/detail/Verma_chtnis_Eines_Zeitreisenden-Cover.jpg,Abenteuer,Hoch,false,
5,gpt-4o-mini,31.621805124s,55.082075958s,6,1028036,184010,72449,https://www.escaperooms-neu-ulm.de/,Escape Rooms Neu Ulm,Atlantis,Uncover the secrets of the lost city of Atlantis in this thrilling adventure.,2,6,60,https://escaperooms-neu-ulm.de/rooms/atlantis/,https://escaperooms-neu-ulm.de/rooms/atlantis/,https://u.jimcdn.com/cms/o/sf6a26418ef107d41/userlayout/img/raum1.png,Adventure,Medium,false,
5,gpt-4o-mini,31.621805124s,55.082075958s,6,1028036,184010,72449,https://www.escaperooms-neu-ulm.de/,Escape Rooms Neu Ulm,Upside Down,Get lost in a world turned upside down and solve mind-bending puzzles.,2,6,60,https://escaperooms-neu-ulm.de//rooms/upside-down/,https://escaperooms-neu-ulm.de//rooms/upside-down/,https://u.jimcdn.com/cms/o/sf6a26418ef107d41/userlayout/img/raum7b.png,Fantasy,Hard,false,
5,gpt-4o-mini,31.621805124s,55.082075958s,6,1028036,184010,72449,https://www.escaperooms-neu-ulm.de/,Escape Rooms Neu Ulm,Tempel der Azteken,Explore an ancient Aztec temple filled with puzzles and traps.,2,6,60,https://escaperooms-neu-ulm.de/rooms/tempel-der-azteken/,https://escaperooms-neu-ulm.de/rooms/tempel-der-azteken/,https://u.jimcdn.com/cms/o/sf6a26418ef107d41/userlayout/img/raum3.png,Historical,Medium,false,
5,gpt-4o-mini,31.621805124s,55.082075958s,6,1028036,184010,72449,https://www.escaperooms-neu-ulm.de/,Escape Rooms Neu Ulm,Hostel,A chilling experience in an abandoned hostel with dark secrets.,2,6,60,https://www.escaperooms-neu-ulm.de/rooms/hostel/,https://www.escaperooms-neu-ulm.de/rooms/hostel/,https://u.jimcdn.com/cms/o/sf6a26418ef107d41/userlayout/img/raum8a.png,Horror,Very Hard,false,
5,gpt-4o-mini,31.621805124s,55.082075958s,6,1028036,184010,72449,https://www.escaperooms-neu-ulm.de/,Escape Rooms Neu Ulm,Dracula,Face Dracula and escape from his dark castle before it’s too late.,2,6,60,https://escaperooms-neu-ulm.de/rooms/dracula/,https://escaperooms-neu-ulm.de/rooms/dracula/,https://u.jimcdn.com/cms/o/sf6a26418ef107d41/userlayout/img/raum6.png,Horror,Hard,false,
6,gpt-4o-mini,1m39.248452039s,3m22.0040475s,21,4954653,1428620,758258,https://adventurebox-karlsruhe.de/,Adventurebox Escape Room,Das 5. Element,"Beim Tunnelbau der Karlsruher U-Bahn kommen uralte Ruinen ans Licht. Hieroglyphen beschreiben ein mächtiges 5. Element, das in einer Grabanlage verborgen liegt. Es gibt nur ein Team, das die Grabkammer öffnen und das Geheimnis entschlüsseln kann. Der Weg führt vorbei an mystischen Wandmalereien, gruseligen Skeletten und einer Schlangengrube. Ihr seid die besten Archäologen, die wir kennen – steigt hinab in die Gruft!",2,6,60,https://adventurebox-karlsruhe.de/events/das-5-element/,https://adventurebox-karlsruhe.de/events/das-5-element/,https://adventurebox-karlsruhe.de/wp-content/uploads/das-5-element-escape-room.png,Adventure,Mittel,true,"ChatCompletion error: error, status code: 429, message: Request too large for gpt-4o-mini in organization org-2e6I3ptBD7xzolUsjQkgsdGY on tokens per min (TPM): Limit 200000, Requested 758258. The input or output tokens must be reduced in order to run successfully. Visit https://platform.openai.com/account/rate-limits to learn more."
6,gpt-4o-mini,1m39.248452039s,3m22.0040475s,21,4954653,1428620,758258,https://adventurebox-karlsruhe.de/,Adventurebox Escape Room,Time Unit 49°N,"Das Ministerium für interdimensionale Sicherheit registriert seltsame Stromschwankungen. Ihr seid die Experten für paranormale Aktivitäten – findet heraus, was hier geschah!",3,6,60,https://quinbook.com,https://adventurebox-karlsruhe.de/events/time-unit-49/,https://adventurebox-karlsruhe.de/wp-content/uploads/1a_TimeUnit49_Portaloffeneintreten.jpg,Science Fiction,N/A,true,"ChatCompletion error: error, status code: 429, message: Request too large for gpt-4o-mini in organization org-2e6I3ptBD7xzolUsjQkgsdGY on tokens per min (TPM): Limit 200000, Requested 758258. The input or output tokens must be reduced in order to run successfully. Visit https://platform.openai.com/account/rate-limits to learn more."
6,gpt-4o-mini,1m39.248452039s,3m22.0040475s,21,4954653,1428620,758258,https://adventurebox-karlsruhe.de/,Adventurebox Escape Room,Mission Impossible,"Ein berüchtigter Kunsträuber hält sich in Karlsruhe auf. Das wertvollste Stück seiner illegalen Sammlung ist ein Edelstein von unvergleichlicher Schönheit und unermesslichem Wert: Der Aurora-Diamant. Heute Nacht soll er seinen Aufbewahrungsort wechseln – das ist unsere Chance! Die Aktion läuft im Verborgenen: denn die Zielperson ist jemand von Rang und Namen. Ihr seid die unerschrockensten Geheimagenten der Welt – rettet den Aurora-Diamanten, überführt den heuchlerischen Dieb!",2,6,60,https://adventurebox-karlsruhe.de/buchen/,https://adventurebox-karlsruhe.de/events/mission-impossible/,https://adventurebox-karlsruhe.de/wp-content/uploads/mission-impossible-escape-room.png,Crime,Medium,true,"ChatCompletion error: error, status code: 429, message: Request too large for gpt-4o-mini in organization org-2e6I3ptBD7xzolUsjQkgsdGY on tokens per min (TPM): Limit 200000, Requested 758258. The input or output tokens must be reduced in order to run successfully. Visit https://platform.openai.com/account/rate-limits to learn more."
6,gpt-4o-mini,1m39.248452039s,3m22.0040475s,21,4954653,1428620,758258,https://adventurebox-karlsruhe.de/,Adventurebox Escape Room,Das Elixier der Macht,"Outdoor Exit Game - Lüftet ein uraltes Geheimnis! Bauarbeiter stoßen auf eine schaurige Grabkammer, darin verborgen ein Skelett. Versteckt in seinen Händen ist ein hölzerner Würfel, kunstvoll verziert mit geheimnisvollen Symbolen. Es gibt eine mächtige Formel, die nicht in die falschen Hände geraten darf!",2,12,180,https://quinbook.com,https://adventurebox-karlsruhe.de/events/elixier-der-macht/,https://adventurebox-karlsruhe.de/wp-content/uploads/2d-Elixier-der-Macht-Material-mit-Lampe-2.jpg,Adventure,Ab 14 Jahren,true,"ChatCompletion error: error, status code: 429, message: Request too large for gpt-4o-mini in organization org-2e6I3ptBD7xzolUsjQkgsdGY on tokens per min (TPM): Limit 200000, Requested 758258. The input or output tokens must be reduced in order to run successfully. Visit https://platform.openai.com/account/rate-limits to learn more."
6,gpt-4o-mini,1m39.248452039s,3m22.0040475s,21,4954653,1428620,758258,https://adventurebox-karlsruhe.de/,Adventurebox Escape Room,Der Fall Bergmann,"Ein interaktives Outdoor Exit Game, in dem die Teilnehmer als Ermittler einen mysteriösen Fall lösen.",2,6,180,https://quinbook.com,https://adventurebox-karlsruhe.de/events/der-fall-bergmann/,https://adventurebox-karlsruhe.de/wp-content/uploads/der-fall-bergmann-outdoor-exit-game.png,Crime,Mittel,true,"ChatCompletion error: error, status code: 429, message: Request too large for gpt-4o-mini in organization org-2e6I3ptBD7xzolUsjQkgsdGY on tokens per min (TPM): Limit 200000, Requested 758258. The input or output tokens must be reduced in order to run successfully. Visit https://platform.openai.com/account/rate-limits to learn more."
6,gpt-4o-mini,1m39.248452039s,3m22.0040475s,21,4954653,1428620,758258,https://adventurebox-karlsruhe.de/,Adventurebox Escape Room,Operation Fuchsjagd,Der gefürchtete Meisterdieb ‚Fuchs‘ streift durch die Stadt... geeigent für Kinder zwischen 8 und 12 Jahren.,2,12,180,https://adventurebox-karlsruhe.de/events/operation-fuchsjagd/,https://adventurebox-karlsruhe.de/events/operation-fuchsjagd/,https://adventurebox-karlsruhe.de/wp-content/uploads/operation-fuchsjagd-outdoor-krimi-event.png,Crime,Leicht,true,"ChatCompletion error: error, status code: 429, message: Request too large for gpt-4o-mini in organization org-2e6I3ptBD7xzolUsjQkgsdGY on tokens per min (TPM): Limit 200000, Requested 758258. The input or output tokens must be reduced in order to run successfully. Visit https://platform.openai.com/account/rate-limits to learn more."
6,gpt-4o-mini,1m39.248452039s,3m22.0040475s,21,4954653,1428620,758258,https://adventurebox-karlsruhe.de/,Adventurebox Escape Room,City Explorer,"Erlebt Sightseeing mit Kick! Die klassische Stadtführung war einmal: Mit City Explorer definieren wir Sightseeing in Karlsruhe neu. Ihr besichtigt nicht einfach die Sehenswürdigkeiten wie das Schloss oder das Bundesverfassungsgericht, sondern erlebt ein interaktives Abenteuer bei einer digitalen Schnitzeljagd durch die perfekte Kulisse unserer schönen Stadt. Euer Guide: ein Tablet mit unserer preisgekrönten Adventurebox-App, die Euch nicht einfach durch die City führt, sondern Euch zu mehr als 50 originellen Aufgaben.",12,100,120,https://adventurebox-karlsruhe.de/events/city-explorer/,https://adventurebox-karlsruhe.de/events/city-explorer/,https://adventurebox-karlsruhe.de/wp-content/uploads/city-explorer-city-challenge-karlsruhe.png,Adventure,Leicht,true,"ChatCompletion error: error, status code: 429, message: Request too large for gpt-4o-mini in organization org-2e6I3ptBD7xzolUsjQkgsdGY on tokens per min (TPM): Limit 200000, Requested 758258. The input or output tokens must be reduced in order to run successfully. Visit https://platform.openai.com/account/rate-limits to learn more."
6,gpt-4o-mini,1m39.248452039s,3m22.0040475s,21,4954653,1428620,758258,https://adventurebox-karlsruhe.de/,Adventurebox Escape Room,TABCrime Academy,"Willkommen in der Krimi-Akademie! Schlüpft in die Rolle von Nachwuchs-Agenten und geht auf einen Streifzug durch die Stadt. Wer ist der kühle Stratege? Wer der kühne Draufgänger, der kein Risiko scheut? Ob Organisationstalent, genauer Beobachter oder Technik Nerd – jedes Talent zählt im Ermittlerteam.",12,100,120,https://adventurebox-karlsruhe.de/events/tabcrime-academy/,https://adventurebox-karlsruhe.de/events/tabcrime-academy/,https://adventurebox-karlsruhe.de/wp-content/uploads/3b-TABCrime-Academy-Team-sucht.jpg,Crime,easy to medium,true,"ChatCompletion error: error, status code: 429, message: Request too large for gpt-4o-mini in organization org-2e6I3ptBD7xzolUsjQkgsdGY on tokens per min (TPM): Limit 200000, Requested 758258. The input or output tokens must be reduced in order to run successfully. Visit https://platform.openai.com/account/rate-limits to learn more."
6,gpt-4o-mini,1m39.248452039s,3m22.0040475s,21,4954653,1428620,758258,https://adventurebox-karlsruhe.de/,Adventurebox Escape Room,Die Farblosen Piraten,"Die Farblosen Piraten ist ein Outdoor Exitgame für Kinder in der Günter Klotz Anlage, mit modernem Hintergrund und Abenteuerelementen.",2,12,180,https://adventurebox-karlsruhe.de/events/die-farblosen-piraten/,https://adventurebox-karlsruhe.de/events/die-farblosen-piraten/,https://adventurebox-karlsruhe.de/wp-content/uploads/Farblose_Piraten_Banner.jpg,Adventure,Easy,true,"ChatCompletion error: error, status code: 429, message: Request too large for gpt-4o-mini in organization org-2e6I3ptBD7xzolUsjQkgsdGY on tokens per min (TPM): Limit 200000, Requested 758258. The input or output tokens must be reduced in order to run successfully. Visit https://platform.openai.com/account/rate-limits to learn more."
6,gpt-4o-mini,1m39.248452039s,3m22.0040475s,21,4954653,1428620,758258,https://adventurebox-karlsruhe.de/,Adventurebox Escape Room,Bräutigam entführt,"Bei diesem Event müsst ihr gemeinsam mit der künftigen Braut und ihren Freundinnen herausfinden, warum der Bräutigam entführt wurde. Die Agenten der Tabcrime Agency, einer im Untergrund agierenden Spezialeinheit, helfen euch dabei. Gemeinsam löst ihr Rätsel und folgt Hinweisen, um dem Bräutigam auf die Spur zu kommen.",6,10,180,https://adventurebox-karlsruhe.de/buchen/,https://adventurebox-karlsruhe.de/events/braeutigam-entfuehrt/,https://adventurebox-karlsruhe.de/wp-content/uploads/DESC-IMG-5.png,Crime,Medium,true,"ChatCompletion error: error, status code: 429, message: Request too large for gpt-4o-mini in organization org-2e6I3ptBD7xzolUsjQkgsdGY on tokens per min (TPM): Limit 200000, Requested 758258. The input or output tokens must be reduced in order to run successfully. Visit https://platform.openai.com/account/rate-limits to learn more."
6,gpt-4o-mini,1m39.248452039s,3m22.0040475s,21,4954653,1428620,758258,https://adventurebox-karlsruhe.de/,Adventurebox Escape Room,Braut entführt,"Bei diesem Event müsst ihr gemeinsam mit dem künftigen Bräutigam und seinen Freunden herausfinden, warum die Braut entführt wurde. Die Agenten der Tabcrime Agency, einer im Untergrund agierenden Spezialeinheit, helfen euch dabei. Gemeinsam löst ihr Rätsel und folgt Hinweisen, um der Braut auf die Spur zu kommen. Das Besondere an diesem neuen JGA Programm ist, dass wir echtes Bildmaterial und echte Sprachnachrichten der Braut einsetzen, um das Erlebnis noch realistischer und immersiver zu gestalten.",6,10,180,https://adventurebox-karlsruhe.de/events/braut-entfuehrt/,https://adventurebox-karlsruhe.de/events/braut-entfuehrt/,https://adventurebox-karlsruhe.de/wp-content/uploads/2-3.jpg,Crime,Mittel,true,"ChatCompletion error: error, status code: 429, message: Request too large for gpt-4o-mini in organization org-2e6I3ptBD7xzolUsjQkgsdGY on tokens per min (TPM): Limit 200000, Requested 758258. The input or output tokens must be reduced in order to run successfully. Visit https://platform.openai.com/account/rate-limits to learn more."
6,gpt-4o-mini,1m39.248452039s,3m22.0040475s,21,4954653,1428620,758258,https://adventurebox-karlsruhe.de/,Adventurebox Escape Room,JGA Fun Tour,"Die JGA Fun Tour in Karlsruhe bietet über 40 Challenges, die individuell auf die Braut und ihre Freundinnen zugeschnitten sind. Die Tour kann an verschiedensten Stopps gestaltet werden und bietet eine spannende Rallye durch die Stadt.",2,16,120,https://adventurebox-karlsruhe.de/events/jga-fun-tour/,https://adventurebox-karlsruhe.de/events/jga-fun-tour/,https://adventurebox-karlsruhe.de/wp-content/uploads/3d-JGA-Fun-Tour-Selfie.jpg,Adventure,Anpassbar,true,"ChatCompletion error: error, status code: 429, message: Request too large for gpt-4o-mini in organization org-2e6I3ptBD7xzolUsjQkgsdGY on tokens per min (TPM): Limit 200000, Requested 758258. The input or output tokens must be reduced in order to run successfully. Visit https://platform.openai.com/account/rate-limits to learn more."
6,gpt-4o-mini,1m39.248452039s,3m22.0040475s,21,4954653,1428620,758258,https://adventurebox-karlsruhe.de/,Adventurebox Escape Room,Männer JGA Fun Tour,"Die JGA Fun Tour ist ein spannendes Event für Männer JGAs in Karlsruhe, das eine Mischung aus Stadtentdeckung und spielerischen Herausforderungen bietet. Die Teilnehmer lösen Aufgaben, die über die ganze Stadt verteilt sind, und erleben dabei eine unterhaltsame Tour, die speziell auf den Bräutigam zugeschnitten ist.",2,16,240,https://adventurebox-karlsruhe.de/events/jga-fun-tour-maenner/,https://adventurebox-karlsruhe.de/events/jga-fun-tour-maenner/,https://adventurebox-karlsruhe.de/wp-content/uploads/3e-Beat-the-Bachelor-Becherwerfen.jpg,Adventure,N/A,true,"ChatCompletion error: error, status code: 429, message: Request too large for gpt-4o-mini in organization org-2e6I3ptBD7xzolUsjQkgsdGY on tokens per min (TPM): Limit 200000, Requested 758258. The input or output tokens must be reduced in order to run successfully. Visit https://platform.openai.com/account/rate-limits to learn more."
6,gpt-4o-mini,1m39.248452039s,3m22.0040475s,21,4954653,1428620,758258,https://adventurebox-karlsruhe.de/,Adventurebox Escape Room,JGA2Go,"Das mobile JGA Event JGA2Go bietet lustige Spiele für den Junggesellenabschied, die bequem nach Hause geliefert werden können. Die Spiele-App inklusive einer Box mit Spielmaterialien sorgt für eine flexible Gestaltung des Events.",2,16,120,https://adventurebox-karlsruhe.de/events/junggesellenabschied-spiele/,https://adventurebox-karlsruhe.de/events/junggesellenabschied-spiele/,https://adventurebox-karlsruhe.de/wp-content/uploads/JGA2Go_Paketübergabe.jpg,Adventure,N/A,true,"ChatCompletion error: error, status code: 429, message: Request too large for gpt-4o-mini in organization org-2e6I3ptBD7xzolUsjQkgsdGY on tokens per min (TPM): Limit 200000, Requested 758258. The input or output tokens must be reduced in order to run successfully. Visit https://platform.openai.com/account/rate-limits to learn more."
7,gpt-4o-mini,12.987572083s,23.480268292s,3,609133,81609,39749,https://planet-escape-nidda.de/,Planet Escape Room Nidda,Das verlassene Kraftwerk,"Ihr habt 55 Minuten Zeit aus dieser Hölle zu entkommen. Beeilt euch, oder es gibt keine Rückkehr!",2,8,55,https://planet-escape-nidda.de/das-verlassene-kraftwerk,https://planet-escape-nidda.de/das-verlassene-kraftwerk,https://planet-escape-nidda.de/templates/yootheme/cache/fb/kraftwerk-fba1441c.png,Adventure,Medium,false,
7,gpt-4o-mini,12.987572083s,23.480268292s,3,609133,81609,39749,https://planet-escape-nidda.de/,Planet Escape Room Nidda,Der Tempel der Azteken,"Ereilt Sie dasselbe Schicksal wie den Professor oder finden Sie einen Weg den Fluch des Montezuma zu brechen und den Tempel wieder zu verlassen, bevor Ihnen der Sauerstoff ausgeht?",2,8,55,https://planet-escape-nidda.de/der-tempel-der-azteken,https://planet-escape-nidda.de/der-tempel-der-azteken,https://planet-escape-nidda.de/templates/yootheme/cache/74/azteken-74cb1c17.png,Adventure,Hard,false,
8,gpt-4o-mini,12.304349375s,22.697862916s,4,93416,24700,12513,https://www.escaperooms-ritterhude.de/,Escape Rooms Ritterhude,Grabkammer,"Begeben Sie sich auf eine Reise ins alte Ägypten und werden Sie zum Forscher des berühmten Pharaonengrabs des Tutenchamun. Erkunden Sie mit Ihrem Team die einzigartige Grabkammer des viel zu früh verstorbenen großen Pharaos und lösen Sie seine Rätsel. Als Tourist sind Sie auf die Grabkammer gestoßen, auf der seit Jahrhunderten ein Fluch lastet. Niemand sollte je der Grabkammer entkommen und niemand sollte je von ihr berichten. Sie sind eingesperrt und müssen nun in einem original getreuen Pharaonengrab versuchen der ewigen Dunkelheit zu entkommen. Sollten Sie es nicht rechtzeitig schaffen werden Sie in der ewigen Dunkelheit zusammen mit Tutenchamun gefangen bleiben...",2,8,60,/buchung/hinzufuegen/?booking_offer_id_start=1,/escape-room-standort/detail/grabkammer/,https://www.lasertag-ritterhude.de/media/CACHE/images/escape_room_facility_image/d51ab505de58492fb85ee11aed005847/cc51e8163a4551053a8890341de858c2.jpg,Historical,Für Einsteiger geeignet,false,
8,gpt-4o-mini,12.304349375s,22.697862916s,4,93416,24700,12513,https://www.escaperooms-ritterhude.de/,Escape Rooms Ritterhude,Piraten,Auch die Seebären unter Euch kommen nicht zu kurz. In unserem Piratenschiff könnt Ihr Euch als kluger Seefahrer beweisen und könnt Euch kniffligen Rätseln stellen. Also seid keine Landratten und stellt Euch der Mission!,2,8,60,/buchung/hinzufuegen/?booking_offer_id_start=2,/escape-room-standort/detail/piraten/,https://www.lasertag-ritterhude.de/media/CACHE/images/escape_room_facility_image/5fe088cf7a4249a0a81eec855bdb48cf/4e318728b87cd99b6880325609c3818a.jpg,Adventure,Für Einsteiger geeignet,false,
8,gpt-4o-mini,12.304349375s,22.697862916s,4,93416,24700,12513,https://www.escaperooms-ritterhude.de/,Escape Rooms Ritterhude,The S,"Mit Kopfschmerzen erwachen Sie in einem dunklen Raum. Sie versuchen mit Ihren Augen etwas zu erkennen, doch es ist zwecklos. Sie versuchen aufzustehen. Wie kommen Sie hierher? Schweißperlen bilden sich auf Ihrer Stirn. Sie versuchen die Gedanken in Ihrem Kopf zu sortieren, aber es will Ihnen nicht gelingen. Neben sich hören Sie Stimmen und Kettengeraschel. Sie sind nicht allein. Die Stimmen kommen Ihnen bekannt vor. Es sind die Stimmen Ihrer Freunde. Sie sind genauso orientierungslos wie Sie selbst. Ihre Freunde und Sie wissen nur eins – Sie wollen hier raus. Schaffen Sie es den Raum lebend zu verlassen?",3,8,60,/buchung/hinzufuegen/?booking_offer_id_start=3,/escape-room-standort/detail/the-s/,https://www.lasertag-ritterhude.de/media/CACHE/images/escape_room_facility_image/3b475c10afac43beaeccc99ab2ba62b8/6c1ed6428beb4852b2cfa35bbe06ae7c.jpeg,Crime,Schwer,false,
9,gpt-4o-mini,15.256002084s,33.72737275s,3,1313885,100492,47166,https://alfsee-escape.de/,Alfsee Escape - Indoor & Outdoor Escaperoom,Der Nebel der Zeit,Hinter dem Wandschrank befindet sich der Durchgang zur Germanenzeit. Euer Dorf soll niedergebrannt werden. Rettet Euch und Euer Dorf gegen die angreifenden Römer in dem Ihr Rätsel und Aufgaben löst und so wertvolle Artefakte sammelt um erfolgreich gegen die Angreifer bestehen zu können.,4,8,60,https://alfsee-escape.de/indoor-escape-room/,https://alfsee-escape.de/indoor-escape-room/,https://alfsee-escape.de/wp-content/uploads/2021/12/Nebel-der-Zeit-Banner.jpg,Historical,80%,false,
9,gpt-4o-mini,15.256002084s,33.72737275s,3,1313885,100492,47166,https://alfsee-escape.de/,Alfsee Escape - Indoor & Outdoor Escaperoom,Die Ausgrabung,In dem Germanen Dorf am Alfsee wurde eine Kiste gefunden. Leider sind wir nicht fähig diese Kiste zu öffnen und es liegt nun an euch dies zu tun. Wolfgang hat uns eine Karte hinterlassen. Könnt ihr mit Hilfe des Tablets die verschiedenen Punkte finden und die Rätsel lösen um das Wissen zurück zu bringen?,4,8,60,https://alfsee-escape.de/outdoor-escape-room/,https://alfsee-escape.de/outdoor-escape-room/,https://alfsee-escape.de/wp-content/uploads/2021/12/DIE-AUSGRABUNG-Banner.jpg,Adventure,40%,false,
10,gpt-4o-mini,13.353935667s,35.060838167s,4,298709,41093,21340,https://www.raus.rocks/,Raus! Escape Room Aachen,Die Entdeckung,"Ein spannendes Abenteuer, bei dem die Spieler in die Rolle von Entdeckern schlüpfen und Rätsel lösen, um zu entkommen.",3,6,66,https://raus.rocks/services/buchung-die-entdeckung/,https://raus.rocks/services/buchung-die-entdeckung/,https://www.raus.rocks/wp-content/uploads/2017/11/Escape-Room-Aachen-Die-Entdeckung-603x379.jpg,Adventure,Medium,false,
10,gpt-4o-mini,13.353935667s,35.060838167s,4,298709,41093,21340,https://www.raus.rocks/,Raus! Escape Room Aachen,Aachen – Die letzte Zuflucht,"Ein aufregendes und herausforderndes Erlebnis für Gruppen, bei dem sie Rätsel lösen müssen, um zu entkommen.",2,6,60,https://raus.rocks/services/buchung-zuflucht/,https://raus.rocks/services/buchung-zuflucht/,https://www.raus.rocks/wp-content/uploads/2017/11/Escape-Room-Aachen-Die-Zuflucht-1-603x379.jpg,Adventure,Medium,false,
10,gpt-4o-mini,13.353935667s,35.060838167s,4,298709,41093,21340,https://www.raus.rocks/,Raus! Escape Room Aachen,Das Portal,"Ein faszinierendes Escape Room Abenteuer, bei dem die Spieler durch verschiedene Dimensionen reisen müssen.",6,11,70,https://www.raus.rocks/services/das-portal/,https://www.raus.rocks/services/das-portal/,https://www.raus.rocks/wp-content/uploads/2017/11/Telefon_Portal-603x379.jpg,Science Fiction,Hard,false,
10,gpt-4o-mini,13.353935667s,35.060838167s,4,298709,41093,21340,https://www.raus.rocks/,Raus! Escape Room Aachen,Aachen – Die letzte Zuflucht!,Es ist passiert – die Zombie-Apokalypse ist über uns gekommen. Aachen ist eines der letzten Zufluchtsorte. Die Stadt wurde abgeriegelt und bis jetzt hat es kein Infizierter in die Stadt geschafft. Nun ist Aachen Anziehungspunkt für alle – Infizierte und Nicht-Infizierte.,2,6,60,https://raus.rocks/services/buchung-zuflucht/,https://raus.rocks/services/buchung-zuflucht/,https://www.raus.rocks/wp-content/uploads/2017/11/Escape-Room-Aachen-Die-Zuflucht-1-1168x658.jpg,Horror,Medium,false,
11,gpt-4o-mini,16.8141115s,26.055329584s,2,675709,73717,32725,https://deadline-escape.de/,Deadline Escape Games│Hamburg,Prison Break,"Ihr wurdet zum Tode verurteilt für ein Verbrechen, welches ihr nicht begangen habt. Der Gefängnisdirektor glaubt an eure Unschuld und gibt euch ein schmales Zeitfenster für die Flucht. Schafft ihr es gemeinsam, den Weg in die Freiheit zu finden?",2,6,90,https://deadline-escape.de/hamburg-escape-room/#collapsePrisonBuchung,https://deadline-escape.de/hamburg-escape-room/#prison-break,https://deadline-escape.de/wp-content/uploads/2019/10/prison_break.png,Crime,Mittel,false,
11,gpt-4o-mini,16.8141115s,26.055329584s,2,675709,73717,32725,https://deadline-escape.de/,Deadline Escape Games│Hamburg,Magical Mystery,"Der große Hektor, ein angesehener Magier, sucht nach einem neuen Assistenten. In seinen Räumlichkeiten greift ihr zu einer Reihe von Aufgaben und Rätseln. Doch seid vorsichtig, denn der Magier hat ein dunkles Geheimnis.",2,6,90,https://deadline-escape.de/hamburg-escape-room/#collapseMagicalBuchung,https://deadline-escape.de/hamburg-escape-room/#magical-mystery,https://deadline-escape.de/wp-content/uploads/2019/10/magical_mystery.png,Fantasy,Mittel,false,
11,gpt-4o-mini,16.8141115s,26.055329584s,2,675709,73717,32725,https://deadline-escape.de/,Deadline Escape Games│Hamburg,Goldmine,"In einer Goldmine kam es zu einer Explosion, und giftige Gase sind freigesetzt worden. Ihr müsst euch an den Evakuierungsplan halten und rechtzeitig in Sicherheit bringen.",4,6,90,https://deadline-escape.de/hamburg-escape-room/#collapseGoldmineBuchung,https://deadline-escape.de/hamburg-escape-room/#goldmine,https://deadline-escape.de/wp-content/uploads/2019/10/gold_mine.png,Adventure,Schwer,false,
11,gpt-4o-mini,16.8141115s,26.055329584s,2,675709,73717,32725,https://deadline-escape.de/,Deadline Escape Games│Hamburg,Lost Island,"Ihr befindet euch auf Expedition im Karibischen Meer, um das Heiligtum der Maya zu beschaffen. Schafft ihr es, vor Sonnenuntergang zu entkommen?",4,6,90,https://deadline-escape.de/hamburg-escape-room/#collapseLostIslandBuchung,https://deadline-escape.de/hamburg-escape-room/#lost-island,https://deadline-escape.de/wp-content/uploads/2019/10/lost_island.png,Adventure,Mittel,false,
12,gpt-4o-mini,3.325577s,10.640034334s,3,91801,16842,7719,http://avermind.com,Avermind - Online Escape Rooms,Die Jagd durch Wien,“Die Jagd durch Wien” ist ein kooperatives Online-Rätsel-Abenteuerspiel. Aufgeteilt in zwei Gruppen stellt Ihr euch gemeinsam als Team herausfordernden Rätsel. Neben eurer Kreativität und eurem scharfsinnigen Verstand könnten auch Stift und Papier euch beim Lösen der Rätsel unterstützen.,2,6,240,https://avermind.com/site/Kauf,https://avermind.com/site/Artikel#spiel,https://avermind.com/site/Images/Artikel/Avermind_Jagd_durch_Wien.small.jpg,Adventure,"4,5/5",false,
13,gpt-4o-mini,55.20256525s,1m14.285594125s,6,1062140,245661,99970,https://www.quexit.de/,Quexit,Hangover Escape Tour,"Altbiersafari und Pubcrawl waren gestern, jetzt kommt ""Die Hangover Tour"". Erlebe eine neue Art von ""Live Escape Game"". Eine Hochzeit, das Paket und Chow mit den Ringen auf der Flucht. Chow zeigt Euch den Weg zur Übergabe oder auch nicht. Schafft Ihr es rechtzeitig das Paket gegen die Ringe auszutauschen?",4,30,150,https://www.quexit.de/düsseldorf/escape-rooms-und-escape-games/alle-escape-missionen/hangover-escape-tour/,https://www.quexit.de/düsseldorf/escape-rooms-und-escape-games/alle-escape-missionen/hangover-escape-tour/,https://image.jimcdn.com/app/cms/image/transf/dimension=460x10000:format=jpg/path/s7304d5fa47d520b0/image/if88222cdaf7a3baa/version/1665938212/quexit-escape-room-d%C3%BCsseldorf.jpg,Adventure,"leicht, interessant für Düsseldorf und Touristen",false,
13,gpt-4o-mini,55.20256525s,1m14.285594125s,6,1062140,245661,99970,https://www.quexit.de/,Quexit,Romeo Und Julia To Go,"Altbiersafari und Pubcrawl waren gestern, jetzt kommt ""ROMEO UND JULIA TO GO"". Erlebe eine neue Art von ""Live Escape Game"" und Sightseeing Tour. Findet Ihr Julias Tasche, könnte Ihr auf der Tour das liebliche Herz beschützen, Fortuna Döner Boys oder Colopic Pizza Götter, für wen entscheidet Ihr Euch, Killepitsch oder Altbier, Löwensenf oder Toten Hosen, Rätsel, Fragen und Fragen über Rätsel, werdet Ihr es schaffen die Botschaft gen Himmel starten zu lassen?",2,90,150,https://www.quexit.de/düsseldorf/escape-rooms-und-escape-games/alle-escape-missionen/romeo-und-julia-to-go/,https://www.quexit.de/düsseldorf/escape-rooms-und-escape-games/alle-escape-missionen/romeo-und-julia-to-go/,https://image.jimcdn.com/app/cms/image/transf/dimension=460x10000:format=jpg/path/s7304d5fa47d520b0/image/i97075b8ff6512314/version/1592846493/image.jpg,Adventure,"leicht, interessant für Düsseldorf und Touristen",false,
13,gpt-4o-mini,55.20256525s,1m14.285594125s,6,1062140,245661,99970,https://www.quexit.de/,Quexit,Hangover 2,"Wir haben es getan. 3 Jahre habt Ihr drauf gewartet, hier ist unser HANGOVER Teil II. Keine Ahnung was, keine Ahnung warum, keine Ahnung wieso und keine Ahnung wer. Nur eins ist klar, ihr müsst aus diesem verdammten Hotelzimmer raus und die Tür lässt sich nur mit einem Geldbündel öffnen. Geht nicht, gibt es nicht, geht doch. Lass Dich überraschen. Alles ganz schnell und mit ganz viel Illusion. Zahlen die Du dir selbst ausdenkst können die richtigen Codes sein. Was bitte haben hier Windeln zu suchen? Seid gespannt.",2,20,60,https://www.quexit.de/düsseldorf/escape-rooms-und-escape-games/alle-escape-missionen/hangover-2/,https://www.quexit.de/düsseldorf/escape-rooms-und-escape-games/alle-escape-missionen/hangover-2/,https://cdn.bookingkit.de/vendor_images/431dda499a729889e5025e6bb16db503/detail/image.jpg,Horror,anspruchsvoll,false,
13,gpt-4o-mini,55.20256525s,1m14.285594125s,6,1062140,245661,99970,https://www.quexit.de/,Quexit,Casino Royal 2,"Ermittelt in Casino 2.0 als Teil der Unbestechlichen unter Eliot Ness gegen den größten Verbrecher der damaligen Zeit! Al Capone amüsiert sich gerade in der Oper. Zum Glück habt ihr Frankie Rio, seinen Bodyguard bestochen so dass ihr Zutritt zu seiner Villa habt und sein Fahrer George Meyer warnt euch wenn Al Capone zurück kommt. Dies ist wahrscheinlich die einzige Möglichkeit in nächster ZeitScarface endlich für seine Taten büßen zu lassen. Also findet die belastenden Unterlagen, doch denkt daran die Zeit ist knapp...",2,6,60,https://www.quexit.de/düsseldorf/escape-rooms-und-escape-games/alle-escape-missionen/casino-royal-2/,https://www.quexit.de/düsseldorf/escape-rooms-und-escape-games/alle-escape-missionen/casino-royal-2/,https://cdn.bookingkit.de/vendor_images/431dda499a729889e5025e6bb16db503/detail/image.jpg,Crime,Mittel bis anspruchsvoll,false,
13,gpt-4o-mini,55.20256525s,1m14.285594125s,6,1062140,245661,99970,https://www.quexit.de/,Quexit,Goldfinger,"QUEXIT boxes ist die ideale mobile Teambuildingmaßnahme für Ihre Mitarbeiter, Lieferanten und Kunden. Als Event oder Sidekick zu einer bestehenden Teambuilding Maßnahme, Kundenveranstaltung, Firmenevent oder Kick Off Meeting. Gerätselt wird über 4 QUEXIT boxes, durch mindestens 4 Teams, wer zuerst fertig wird hat gewonnen, aber schafft man es ...",8,120,120,https://www.quexit.de/düsseldorf/escape-rooms-und-escape-games/alle-escape-missionen/goldfinger/,https://www.quexit.de/düsseldorf/escape-rooms-und-escape-games/alle-escape-missionen/goldfinger/,https://image.jimcdn.com/app/cms/image/transf/dimension=460x10000:format=jpg/path/s7304d5fa47d520b0/image/i6728a652daafada1/version/1592837060/image.jpg,Fantasy,Mittel bis anspruchsvoll,false,
14,gpt-4o-mini,16.715696666s,32.061528291s,4,1388910,106186,38906,https://escapeempire.de/,Escape Empire Nürnberg,Prison Break,"Lärm dringt durch das Gitter Eurer Tür. Wachen laufen aufgeregt an der Zelle vorbei. Du und Deine Mitinsassen seht Euch fragend an. Nach einem lauten Knall ist es auf einmal verdächtig still. Plötzlich kommen Wärter und zerren Euch hektisch in eine andere Zelle. Ihr erkennt es als die berüchtigte Zelle 13, über die Ihr schon viele Gerüchte auf dem Gefängnishof gehört habt. Man munkelt, der vorherige Insasse soll von dort aus eine Flucht geplant haben. Vielleicht ist das Eure Chance endlich aus dem Gefängnis zu fliehen, seid Ihr doch unschuldig eingesperrt…",2,6,60,https://escapeempire.de/buchen/,https://escapeempire.de/raeume/#prison-break,https://escapeempire.de/wp-content/uploads/2018/05/jail-circle-icon.png,Prison,Mittel,false,
14,gpt-4o-mini,16.715696666s,32.061528291s,4,1388910,106186,38906,https://escapeempire.de/,Escape Empire Nürnberg,Space Escape,"Das Letzte woran Ihr Euch erinnern könnt ist ein gleißend helles Licht gefolgt von einem kurzen Gefühl der Schwerelosigkeit. Als Ihr wieder zu Euch kommt, seid Ihr an einem völlig fremdartigen Ort. Ihr erkennt sofort, dass hier nichts von Menschenhand geschaffen wurde. Das gleichmäßige Brummen schwerer Maschinen wird unterbrochen, als plötzlich seltsame Sirenen ertönen. Ihr seht schemenhaft unbekannte Wesen, die aufgeregt den Raum verlassen und dabei unverständliche Laute von sich geben. Dann seid Ihr allein…",2,6,60,https://escapeempire.de/buchen/,https://escapeempire.de/raeume/#space-escape,https://escapeempire.de/wp-content/uploads/2018/05/space-escape-circle-icon.png,Science Fiction,Mittel – Schwer,false,
14,gpt-4o-mini,16.715696666s,32.061528291s,4,1388910,106186,38906,https://escapeempire.de/,Escape Empire Nürnberg,Holy Grail,"Es sind dunkle Zeiten über Burg Camelot hereingebrochen. Kurz nachdem der heilige Gral verschwunden ist, werden auch Menschen vermisst. Der Magier Merlin verhält sich noch seltsamer als sonst und auch unter den Rittern der Tafelrunde ist Argwohn eingekehrt. Da Artus seine engsten Vertrauten ohne Beweise keine Anschuldigungen aussetzen möchte, hat er nun Euch unabhängige Höflinge damit beauftragt, den Vorfällen nachzugehen. Noch scheint der Gral allerdings in der Nähe zu sein, somit beginnt Eure Suche auf Camelot…",2,6,60,https://escapeempire.de/buchen/,https://escapeempire.de/raeume/#holy-grail,https://escapeempire.de/wp-content/uploads/2022/09/holy-grail-circle-icon-v2.png,Fantasy,Leicht – Mittel,false,
15,gpt-4o-mini,18.629179292s,24.310933291s,3,95388,44295,31350,https://www.harz-escape.de/index_en.html,Harz Escape,The Don Vito Investigation,"New York, 1932. Organized crime is at its peak. You are agents and have been assigned to the case of Vito Genovese. While working on the case, the phone rings. A soft voice whispers: “They know about the photos. They are coming!”. You know that your boss, Joe Petrosino, possesses incriminating material against Don Vito which he keeps well hidden in his office. Can you find and secure the documents before the mafia arrives?",2,4,60,javascript:setRoom(2);,javascript:scrollAndSetRoom(2);,https://www.harz-escape.de/assets/img/DonVitoWandbild.jpg,Crime,Easy,false,
15,gpt-4o-mini,18.629179292s,24.310933291s,3,95388,44295,31350,https://www.harz-escape.de/index_en.html,Harz Escape,Witchcraft & Wizardry,"The time is near! You are about to become real witches and wizards. But first, you have to take one final exam. According to tradition, it is held deep in the forest, in the secret hut of the ancient and wise witch. Divination, Broom Flight, Transfiguration – show that you master the magic arts and pass all the assignments in just 60 minutes. Hurry up, the sand is running down the hourglass!",2,4,60,javascript:setRoom(3);,javascript:scrollAndSetRoom(3);,https://www.harz-escape.de/assets/img/Zauberpruefung-Rabe.jpg,Fantasy,Easy,false,
15,gpt-4o-mini,18.629179292s,24.310933291s,3,95388,44295,31350,https://www.harz-escape.de/index_en.html,Harz Escape,The Secret of the Watchmaker,"Next to our Escape Room, there is a small watchmaker’s shop. The owner, Regina Jürgensen, appears to be a quiet and unassuming person. But then why are there these strange and sometimes alarmingly loud noises coming from her shop? We would very much appreciate your help in finding out.",2,4,75,javascript:setRoom(1);,javascript:scrollAndSetRoom(1);,https://www.harz-escape.de/assets/img/Uhrmacherin.jpg,Adventure,Medium,false,
15,gpt-4o-mini,18.629179292s,24.310933291s,3,95388,44295,31350,https://www.harz-escape.de/index_en.html,Harz Escape,Santa’s Golden Book,"Have you been good this year? As you are not completely sure, you decide to take the matter into your own hands: you wait until Santa has left for his daily stroll and sneak into his house. Will you manage to find his golden book and put down your names to ensure your Christmas gifts?",2,4,60,,,https://www.harz-escape.de/assets/img/GoldenesBuch.jpg,Fantasy,Easy,false,
15,gpt-4o-mini,18.629179292s,24.310933291s,3,95388,44295,31350,https://www.harz-escape.de/index_en.html,Harz Escape,Letters from the Past,"A key, an old postcard and a strange note: that’s all Katharina has to find her missing father. Follow his trail through the winding streets of Wernigerode, discover hidden places and solve a decades-old mystery!",2,8,120,,,https://www.harz-escape.de/assets/img/Stadtspiel.jpg,Adventure,Medium,false,
15,gpt-4o-mini,18.629179292s,24.310933291s,3,95388,44295,31350,https://www.harz-escape.de/index_en.html,Harz Escape,Magical Creatures,"Rumour has it that there’s a number of magical creatures living in the Harz region. Is this true or just a myth? Equipped with a mysterious backpack and the notes of a renowned scientist called Prof. Magnus, you start your journey through town in search of these small miraculous beasts.",2,18,120,,,https://www.harz-escape.de/assets/img/Fabelwesen.jpg,Fantasy,Easy,false,
15,gpt-4o-mini,18.629179292s,24.310933291s,3,95388,44295,31350,https://www.harz-escape.de/index_en.html,Harz Escape,The Mysterious Table,"During his last expedition, Professor Magnus found a mysterious object: a round table with strange symbols and many locks guarding its unknown content. Are you able to solve the riddles, open the hidden compartment and reveal the secret of this ancient artefact? Borrow the table for one day and find out what lies within!",1,4,240,,,https://www.harz-escape.de/assets/img/Raetseltisch.jpg,Adventure,Hard,false,
16,gpt-4o-mini,6.174890666s,12.806744s,1,139605,18433,6645,https://escape-arena.de/,Escape Arena Essen,Die Zauberschule,Für alle Fans von Harry Potter und anderen Magiern. Wir statten Euch mit einem Zauberstab aus und Ihr taucht ein in unsere Zauberschule.,2,8,60,https://escape-arena.de/escape-rooms/die-zauberschule/,https://escape-arena.de/escape-rooms/die-zauberschule/,https://escape-arena.de/wp-content/uploads/2022/01/school-of-witchcraft-1698x1080.jpg,Fantasy,Unspecified,false,
16,gpt-4o-mini,6.174890666s,12.806744s,1,139605,18433,6645,https://escape-arena.de/,Escape Arena Essen,Die Gruselhütte,Traut Euch in unsere Gruselhütte. Es gewittert draußen und die Hälfte von Euch wurde gekidnappt. Findet im Raum zusammen und löst das Rätsel der Gruselhütte. Könnt Ihr die Geister besänftigen und Euch befreien?,2,8,60,https://escape-arena.de/escape-rooms/die-gruselhuette/,https://escape-arena.de/escape-rooms/die-gruselhuette/,https://escape-arena.de/wp-content/uploads/2022/01/cabin-bild2-1-1620x1080.jpg,Horror,Unspecified,false,
16,gpt-4o-mini,6.174890666s,12.806744s,1,139605,18433,6645,https://escape-arena.de/,Escape Arena Essen,Das Ring Abenteuer,"Bestreitet nun Euer eigenes Ringabenteuer. Nehmt den einen Ring an Euch und versucht, ihn am Ende dieses Abenteuers in den Vulkan zu werfen. Werdet Ihr es schaffen oder werdet Ihr dem Ring verfallen?",2,8,60,https://escape-arena.de/escape-rooms/das-ring-abenteuer/,https://escape-arena.de/escape-rooms/das-ring-abenteuer/,https://escape-arena.de/wp-content/uploads/2022/01/hdr-tuer-1440x1080.jpg,Adventure,Unspecified,false,
16,gpt-4o-mini,6.174890666s,12.806744s,1,139605,18433,6645,https://escape-arena.de/,Escape Arena Essen,Fluch der Piraten (Coming Soon),Kommt bald (Coming soon),2,8,60,https://escape-arena.de/escape-rooms/fluch-der-piraten/,https://escape-arena.de/escape-rooms/fluch-der-piraten/,https://escape-arena.de/wp-content/uploads/2022/01/piratenschiff1-1440x1080.jpg,Adventure,Unspecified,false,
17,gpt-4o-mini,5.421946751s,12.356222334s,2,253910,31734,16939,http://www.zumbay.de/,Gasthof zum Bay - Dubay,Escape Room,"In unseren einzigartig eingerichteten und designten Escape Räumen müsst Ihr eure Fähigkeiten im kombinieren, rätseln, tüfteln und logischem Denken unter beweis stellen.",2,6,60,/buchung,/räume,https://le-cdn.website-editor.net/s/74caafaa0de7404e8cdb555307321605/dms3rep/multi/opt/logo+nur+buchstaben-1920w.jpg,Adventure,Varies by room,false,
18,gpt-4o-mini,49.375001083s,1m23.997692917s,8,1366186,255650,97249,https://www.escaperooms-mannheim.de/,Escape Rooms Mannheim,Gefängnisausbruch,"Versuche jetzt, die Rätsel zu lösen und entkomme dem Gefängnis!",2,6,60,https://flexybook.flexybox.com/mannheim/Offer,https://escaperooms-mannheim.de/rooms/gef%C3%A4ngnisausbruch/,https://u.jimcdn.com/cms/o/s3ed07222cedb8ab9/userlayout/img/raum5ma.png,Crime,Mittel,false,
18,gpt-4o-mini,49.375001083s,1m23.997692917s,8,1366186,255650,97249,https://www.escaperooms-mannheim.de/,Escape Rooms Mannheim,Das Geisterhaus,Enthülle die Geheimnisse des Geisterhauses.,2,6,60,https://flexybook.flexybox.com/mannheim/Offer,https://escaperooms-mannheim.de/rooms/das-geisterhaus/,https://u.jimcdn.com/cms/o/s3ed07222cedb8ab9/userlayout/img/raum3ma.png,Horror,Schwer,false,
18,gpt-4o-mini,49.375001083s,1m23.997692917s,8,1366186,255650,97249,https://www.escaperooms-mannheim.de/,Escape Rooms Mannheim,Illuminati,Entdecke die Intrigen der Illuminati.,2,6,60,https://flexybook.flexybox.com/mannheim/Offer,https://escaperooms-mannheim.de/rooms/illuminati/,https://u.jimcdn.com/cms/o/s3ed07222cedb8ab9/userlayout/img/raum1ma.png,Fantasy,Mittel,false,
18,gpt-4o-mini,49.375001083s,1m23.997692917s,8,1366186,255650,97249,https://www.escaperooms-mannheim.de/,Escape Rooms Mannheim,Dracula,Erlebe die Schrecken von Dracula und finde einen Ausweg.,2,6,60,https://flexybook.flexybox.com/mannheim/Offer,https://escaperooms-mannheim.de/rooms/dracula/,https://u.jimcdn.com/cms/o/s3ed07222cedb8ab9/userlayout/img/raum6ma.png,Horror,Leicht,false,
18,gpt-4o-mini,49.375001083s,1m23.997692917s,8,1366186,255650,97249,https://www.escaperooms-mannheim.de/,Escape Rooms Mannheim,Aladin,Eine magische Reise erwartet dich im Aladin Raum.,2,6,60,https://flexybook.flexybox.com/mannheim/Offer,https://escaperooms-mannheim.de/rooms/aladin/,https://u.jimcdn.com/cms/o/s3ed07222cedb8ab9/userlayout/img/aladin.png,Fantasy,Mittel,false,
18,gpt-4o-mini,49.375001083s,1m23.997692917s,8,1366186,255650,97249,https://www.escaperooms-mannheim.de/,Escape Rooms Mannheim,Exorzist,Bewältige die Herausforderungen des Exorzisten.,2,6,60,https://flexybook.flexybox.com/mannheim/Offer,https://www.escaperooms-mannheim.de/rooms/exorzist/,https://u.jimcdn.com/cms/o/s3ed07222cedb8ab9/userlayout/img/raum9ma.png,Horror,Mittel,false,
18,gpt-4o-mini,49.375001083s,1m23.997692917s,8,1366186,255650,97249,https://www.escaperooms-mannheim.de/,Escape Rooms Mannheim,Dr. Jones Abenteuer,Begib dich mit Dr. Jones auf ein Abenteuer voller Rätsel.,2,6,60,https://flexybook.flexybox.com/mannheim/Offer,https://escaperooms-mannheim.de/rooms/dr-jones-abenteuer/,https://u.jimcdn.com/cms/o/s3ed07222cedb8ab9/userlayout/img/raum8ma.png,Adventure,Mittel,false,
19,gpt-4o-mini,19.383607083s,33.009892625s,2,293201,44979,21671,https://www.escape-events.de/,Escape Events,Biohazard,"Findet das Antivirus! Ihr befindet Euch im Hochsicherheitslabor von Professor Bishop. Aufgrund eines Stromausfalls konnte ein tödlicher Virus aus der Isolierung entweichen. Die Quarantäne ist aktiviert und Ihr seid eingeschlossen im Labor. Aber Ihr habt Glück, denn im Labor befindet sich auch das rettende Antivirus, die Frage ist nur wo! Jetzt müsst Ihr bei der Suche einen kühlen Kopf bewahren, denn es bleibt Euch nicht viel Zeit. Schafft Ihr es, das Antivirus zu finden, bevor der Raum mit einer Thermalexplosion dekontaminiert wird?",2,8,60,https://www.escape-events.de/buchung/#buchen,https://www.escape-events.de/das-spiel/#challenges,https://www.escape-events.de/wp-content/uploads/bfi_thumb/escapeevents_challenges_biohazard_1-nap2xo0hju2xsxwg5h9n3xrlsfdi8tlia82p22m0ig.jpg,Horror,Fortgeschritten,false,
19,gpt-4o-mini,19.383607083s,33.009892625s,2,293201,44979,21671,https://www.escape-events.de/,Escape Events,The Bomb,"Entschärft die Bombe bevor sie hochgeht! Eine ganze Stadt ist in Aufruhr, denn es herrscht Bombenalarm! Der gefährliche und zugleich faszinierende Psychopath Mr. Riddle hat die Bombe gelegt, dazu hat er sich bekannt. Und er hat einen Bauplan erstellt, um die Bombe zu entschärfen. Ihr seid die Spezialeinheit, deren Aufgabe es ist die Bombe zu entschärfen. Aber Vorsicht, die Bombe aktiviert sich, sobald man sich ihr nähert. Ihr müsst erst alle Rätsel lösen, bevor Ihr die Stadt vor der zornig tickenden Bombe retten könnt.",2,8,60,https://www.escape-events.de/buchung/#buchen,https://www.escape-events.de/das-spiel/#challenges,https://www.escape-events.de/wp-content/uploads/bfi_thumb/escapeevents_challenges_thebomb_1-nap2xo0hju2xsxwg5h9n3xrlsfdi8tlia82p22m0ig.jpg,Adventure,Fortgeschritten,false,
19,gpt-4o-mini,19.383607083s,33.009892625s,2,293201,44979,21671,https://www.escape-events.de/,Escape Events,Der Tempel,"Auf der Jagd nach der goldenen Statue! Als Archäologen-Team befindet Ihr Euch auf der abenteuerlichen Suche nach der goldenen Statue. Diese ist vor vielen Jahrhunderten verloren gegangen, nachdem es viele Schlachten um die sagenumwobene Statue gab, denn sie soll magische Kräfte besitzen und die Zukunft voraussagen können. Ein Artefakt, dass bei Ausgrabungen gefunden wurde geben es Euch mit. Wir konnten das Artefakt nicht entschlüsseln, vielleicht hat Euer Team mehr Erfolg. Aber Ihr müsst schnell sein, denn es befinden sich viele dubiose Gestalten bereits ebenfalls auf der Suche nach der goldenen Statue.",2,8,60,https://www.escape-events.de/buchung/#buchen,https://www.escape-events.de/das-spiel/#challenges,https://www.escape-events.de/wp-content/uploads/bfi_thumb/escapeevents_challenges_dertempel_1-nap2xm4t660d5pz6gggdyy8olnmrtfe1lyrq3iosuw.jpg,Adventure,Fortgeschritten,false,
19,gpt-4o-mini,19.383607083s,33.009892625s,2,293201,44979,21671,https://www.escape-events.de/,Escape Events,Atlantis,Die versunkene Stadt. Atlantis ist in Aufruhr. Der Luftgenerator ist defekt und die Bewohner mussten Atlantis verlassen. Du und dein Team bekommen einen alten Stein der Uratlantinnen. Damit habt ihr für eine Stunde Sauerstoff. Schafft ihr es den Luftgenerator in Gang zu setzen damit die Bewohner der antiken Stadt wieder zurück kehren können?,5,15,60,https://www.escape-events.de/buchung/#buchen,https://www.escape-events.de/das-spiel/#challenges,https://www.escape-events.de/wp-content/uploads/bfi_thumb/eef-94-o20kafoc0lhqqisglps55e4r33ut87jbip32z17ifs.jpeg,Fantasy,Fortgeschritten,false,
19,gpt-4o-mini,19.383607083s,33.009892625s,2,293201,44979,21671,https://www.escape-events.de/,Escape Events,Catan,"Schafft Ihr es, in 60 Minuten Eure Ritter zu aktivieren und Eure Feinde in die Flucht zu schlagen? Ihr seid die Bewohner der Insel CATAN und lebt glücklich und zufrieden … bis jetzt! Denn am Horizont nähert sich ein feindliches Barbarenschiff.",2,8,60,https://www.escape-events.de/buchung/#buchen,https://www.escape-events.de/das-spiel/#challenges,https://www.escape-events.de/wp-content/uploads/bfi_thumb/ee_catan-12-ocldyrdacxxwu2b8170kmowqp8zfbd6ag3iieu6rdk.jpeg,Fantasy,Fortgeschritten,false,
20,gpt-4o-mini,6.75209125s,10.510977667s,1,163974,29203,10135,https://escapediem.de/,EscapeDiem,JigSaw,"Schaffe es, dem Puzzle zu entkommen und die Herausforderungen zu meistern!",2,6,60,https://escapediem.de/buchungen/,https://escapediem.de/raeume/jigsaw-koennt-ihr-das-puzzle-loesen/,https://escapediem.de/site/assets/files/1042/jigsaw.1250x838-tiny.jpg,Horror,Medium,false,
20,gpt-4o-mini,6.75209125s,10.510977667s,1,163974,29203,10135,https://escapediem.de/,EscapeDiem,Die geheime Kapelle unter dem Hamburger Michel,Entdecke die Mysterien in der geheimen Kapelle! Hochspannung garantiert!,2,6,60,https://escapediem.de/buchungen/,https://escapediem.de/raeume/die-geheime-kapelle-unter-dem-hamburger-michel/,https://escapediem.de/site/assets/files/1074/bester_live_escape_room_kapelle_hamburg_heiliger_gral_kerzen-1.1250x838-tiny.jpg,Adventure,Hard,false,
20,gpt-4o-mini,6.75209125s,10.510977667s,1,163974,29203,10135,https://escapediem.de/,EscapeDiem,Das Büro des Hamburger Hafenkapitäns,Löse das Geheimnis im Büro des Hafenkapitäns und enthülle die Wahrheit!,2,6,60,https://escapediem.de/buchungen/,https://escapediem.de/raeume/das-buero-des-hamburger-hafenkapitaens/,https://escapediem.de/site/assets/files/1047/hafenkapitaen.1250x838-tiny.jpg,Crime,Medium,false,
20,gpt-4o-mini,6.75209125s,10.510977667s,1,163974,29203,10135,https://escapediem.de/,EscapeDiem,Das Geheimnis um Nostradamus,Entdecke die Geheimnisse von Nostradamus und finde den Schlüssel zur Wahrheit!,2,6,60,https://escapediem.de/buchungen/,https://escapediem.de/raeume/das-geheimnis-um-nostradamus/,https://escapediem.de/site/assets/files/1078/das_geheimnis_um_nostradamus_escapediem_1-1.1250x838-tiny.jpg,Historical,Hard,false,
