ID,LLM,LLM Duration,Request Duration,Websites Checked,Website Max Length,Website Reduced Length,Provider URL,Provider Name,Room Name,Description,Min Players,Max Players,Duration,Booking URL,Detail Page URL,Image URL,Genre,Difficulty,Token Limit Reached,Error
0,gpt-4o-mini,37.060777544s,1m2.577902334s,7,982667,387508,https://final-escape.com/berlin/,Final Escape Berlin,Blutiges Erwachen,"Die verlassenen Lichtenstädter Kliniken am Rande der Stadt waren schon immer ein Gesprächsthema. Vor vielen Jahren wurden sie von zahlreichen Patienten aufgesucht, die auf die nicht immer konventionellen Methoden von Dr. George A . Raimi vertrauten. Seitdem ist es still um Dr. Raimi geworden. Jahrzehnte später macht sich eine kleine Gruppe von Urban Explorern auf den Weg zur Klinik, um die Geheimnisse dieses besonderen Ortes zu lüften.",3,6,60,/berlin/gutscheine/,https://final-escape.com/berlin/live-escape-game-blutiges-erwachen/,https://final-escape.com/berlin/wp-content/uploads/sites/6/2023/03/Blutiges-Erwachen-Final-Escape-Berlin-Header.jpg,Horror,schwer,true,"ChatCompletion error: error, status code: 400, message: This model's maximum context length is 128000 tokens. However, your messages resulted in 183808 tokens (183474 in the messages, 334 in the functions). Please reduce the length of the messages or functions."
0,gpt-4o-mini,37.060777544s,1m2.577903667s,7,982667,387508,https://final-escape.com/berlin/,Final Escape Berlin,Prison Break,"Das muss alles ein riesiges Missverständnis sein. In einer Nacht- und Nebel-Aktion wurdet ihr wach geklingelt, in Handschellen abgeführt und ohne Verhör in eine Zelle gesteckt. Was euch genau vorgeworfen wird, wisst ihr nicht. Ihr habt euch in den letzten Jahren nichts zu Schulden kommen lassen und ein eher unauffälliges Leben geführt. Nun seid ihr im Knast gelandet und eine Sache wird immer eindeutiger: So schnell werdet ihr hier nicht rauskommen. Ihr beginnt langsam die Hoffnung auf ein Leben in Freiheit zu verlieren, als ihr beim Mittagessen von Gerüchten hört, dass die Insassen, die vor euch in euren Zellen gewohnt haben, vor einigen Wochen ausgebrochen sind. Vielleicht ist doch nicht alles verloren – schließlich haben bereits andere Insassen vor euch den Weg in die Freiheit gefunden!",2,6,60,https://final-escape.com/berlin/gutscheine/,https://final-escape.com/berlin/live-escape-game-prison-break-2/,https://final-escape.com/berlin/wp-content/uploads/sites/6/2019/09/02PrisonBreak.jpg,Prison,mittel,true,"ChatCompletion error: error, status code: 400, message: This model's maximum context length is 128000 tokens. However, your messages resulted in 183808 tokens (183474 in the messages, 334 in the functions). Please reduce the length of the messages or functions."
0,gpt-4o-mini,37.060777544s,1m2.577912709s,7,982667,387508,https://final-escape.com/berlin/,Final Escape Berlin,The Puppeteer,"Im Steampunk-Universum genießt das Theater einen hohen Stellenwert. Das kulturelle Angebot ist vielseitig, doch mit besonderer Anerkennung rühmt sich die Puppenschauspielkunst. Als kultivierte Liebhaber des zeitgenössischen Puppentheaters stoßt ihr auf ein Preisausschreiben, das Freikarten für ein einzigartiges Showerlebnis verspricht und mit großen Worten lockt. Selbstredend nehmt ihr teil und findet nur wenige Tage später einen Umschlag in eurem Briefkasten; darin goldene Eintrittskarten. Die Inschrift lässt verlauten, dass ihr ausgewählt wurdet. Doch wofür? Neugierig begebt ihr euch zur angegebenen Adresse. Dort werdet ihr von einer zwielichtigen, buckligen Gestalt willkommen geheißen, die von einer „neuartigen Form des Puppenspiels“ spricht und euch dabei durch dunkle Gänge tief in das Gebäude hineingeleitet. Zuletzt teilt die Gestalt euch mit, dass die Vorstellung in einer Stunde beginne und ihr es euch doch schon mal gemütlich machen sollt, während sie euch eng an eng in einen düsteren Raum drängt und die Tür hinter euch ins Schloss fallen lasst. Schnell dämmert es euch, dass hier etwas nicht mit rechten Dingen zugeht und ihr fragt euch, ob ihr hier wohl mehr als nur Zuschauer sein sollt...",2,6,60,/berlin/gutscheine/,https://final-escape.com/berlin/live-escape-game-the-puppeteer/,https://final-escape.com/berlin/wp-content/uploads/sites/6/2019/09/02ThePuppeteer1.jpg,Horror,mittel,true,"ChatCompletion error: error, status code: 400, message: This model's maximum context length is 128000 tokens. However, your messages resulted in 183808 tokens (183474 in the messages, 334 in the functions). Please reduce the length of the messages or functions."
0,gpt-4o-mini,37.060777544s,1m2.577965834s,7,982667,387508,https://final-escape.com/berlin/,Final Escape Berlin,Robot Paranoia,"Die Menschheit hat es mit der künstlichen Intelligenz zu weit getrieben und befindet sich nun im Krieg gegen die Maschinen. Aufgrund ihrer intellektuellen wie physischen Überlegenheit haben es die Roboter bereits geschafft, zahlreiche Menschen einzusperren und zu unterdrücken. Doch noch gibt es Hoffnung für die Spezies Mensch: Im Untergrund der Großstadt hat sich eine Bewegung von Widerstandskämpfern geformt, die den Gehorsam vor den Maschinen verweigern und für Freiheit und Menschenrechte kämpfen. Auch ihr habt euch den Rebellen angeschlossen. Ihr könnt es spüren: Die Revolution ist zum Greifen nah! Doch dann kommt alles anders als geplant: Es scheint, als hätten die Roboter von eurem kleinen Unterschlupf im Ostteil der Stadt Wind bekommen und sind in dieser Sekunde schon auf dem Weg, um das Areal zu räumen. Ihr müsst so schnell es geht zum Stützpunkt im Stadtzentrum gelangen, um euch dort in Sicherheit zu bringen. In Kleingruppen werdet ihr vom Schleuser aus dem Versteck nach draußen geführt, doch ab hier seid ihr auf euch allein gestellt. Zu allem Übel sind es nur noch 60 Minuten bis zur Sperrstunde, wenn alle Zugänge zu Gebäuden und Straßen verriegelt werden und Menschen sich nicht mehr auf offener Straße bewegen dürfen. Schafft ihr es, in einer Stunde zur sicheren Zone im Stadtzentrum zu gelangen, oder wird auch eure Biomasse in den Energietanks der Maschinen enden?",2,6,60,https://final-escape.com/berlin/gutscheine/,https://final-escape.com/berlin/live-escape-game-robot-paranoia/,https://final-escape.com/berlin/wp-content/uploads/sites/6/2019/09/02RobotParanoia.jpg,Science Fiction,schwer,true,"ChatCompletion error: error, status code: 400, message: This model's maximum context length is 128000 tokens. However, your messages resulted in 183808 tokens (183474 in the messages, 334 in the functions). Please reduce the length of the messages or functions."
0,gpt-4o-mini,37.060777544s,1m2.577966s,7,982667,387508,https://final-escape.com/berlin/,Final Escape Berlin,Last Human,"Wir schreiben das Jahr 2067. Die Menschheit hat es geschafft sich selbst zu Grunde zu richten, alles wovor die Wissenschaft jahrelang gewarnt hat ist eingetreten. Das Wetter wurde immer extremer, die Ressourcen knapper und schließlich ist von der Erde wie wir sie kennen nicht mehr viel übrig geblieben. Ihr habt zwar die Naturkatastrophen und Hungersnöte überlebt, führt aber ein ziemlich trostloses Leben. Seit Wochen streift ihr durch das Ödland in der Hoffnung doch noch einer lebenden Seele zu begegnen. Gerade als ihr euch fragt, ob ihr an genau dieser Stelle nicht schon vor einigen Stunden vorbei gekommen seid, entdeckt ihr etwas hinter einem der staubigen Schuttberge. Ihr haltet es zunächst nur für eine Einbildung, aber als ihr näher tretet seid ihr euch sicher: Das ist eine Tür!",2,5,60,https://final-escape.com/berlin/gutscheine/,https://final-escape.com/berlin/live-escape-game-last-human/,https://final-escape.com/berlin/wp-content/uploads/sites/6/2019/09/02TrabiRace2030.jpg,Science Fiction,schwer,true,"ChatCompletion error: error, status code: 400, message: This model's maximum context length is 128000 tokens. However, your messages resulted in 183808 tokens (183474 in the messages, 334 in the functions). Please reduce the length of the messages or functions."
0,gpt-4o-mini,37.060777544s,1m2.578015875s,7,982667,387508,https://final-escape.com/berlin/,Final Escape Berlin,Das Geisterschiff,"Ihr wurdet wegen Meuterei aus eurer Piratencrew geworfen. Nun seid ihr auf der Suche nach einer neuen — doch ihr seid Piraten mit Ansprüchen. Ihr wollt gerne auf dem beliebtesten Schiff der Weltmeere anheuern. Auf eure Bewerbung hin erhaltet ihr eine Flaschenpost mit einer skurrilen Botschaft. Ihr wurdet vom Kapitän zu einer Aufnahmeprüfung eingeladen, denn er möchte erst sehen, ob ihr aus dem richtigen Holz geschnitzt seid. Voller Eifer begebt ihr euch zur vereinbarten Zeit in eine abgelegene Bucht, wo ihr bereits erwartet werdet. Bald erfahrt ihr, dass es sich bei eurer Aufgabe um eine regelrechte Mutprobe handelt: im dichten Nebel betretet ihr ein altes Schiffswrack. Gerüchten zufolge sollen die Geister der alten Crew dieses noch immer bewohnen und den einen oder anderen Gegenstand mit einem Fluch belegt haben. Es soll jedoch einen Schatz geben, der nicht verflucht ist und eure Aufgabe wird es sein, eurem neuen Kapitän diesen zu besorgen. Momentan ist die Crew an Land gegangen, um ihre Rumvorräte wieder aufzustocken. Sie wird jedoch bereits in einer Stunde zurück sein und dann solltet ihr hier nichts mehr verloren haben, wenn euch euer Leben lieb ist.",2,6,60,https://final-escape.com/berlin/gutscheine/,https://final-escape.com/berlin/live-escape-game-ghost-ship/,https://final-escape.com/berlin/wp-content/uploads/sites/6/2019/09/02DasGeisterschiff-1.jpg,Horror,mittel-schwer,true,"ChatCompletion error: error, status code: 400, message: This model's maximum context length is 128000 tokens. However, your messages resulted in 183808 tokens (183474 in the messages, 334 in the functions). Please reduce the length of the messages or functions."
1,gpt-4o-mini,18.357927709s,27.444111917s,4,2101758,111573,https://www.60-minutes.de/,60 MINUTES,DIE EXPEDITION,"Auf den Spuren des Prof. Jones. Die Welt steht kurz vor einer apokalyptischen Sonnenfinsternis. Ihr seid ein Forscherteam und auf den Spuren des verschollenen Professors I. Jones durch den Dschungel von Mexiko gereist um das geheime Maya-Relikt zu finden, das einzige das die ewige Dunkelheit noch verhindern kann.",2,6,60,https://www.60-minutes.de/buchung,https://www.60-minutes.de/expedition,https://static.wixstatic.com/media/dda0bb_34029e0f80d54af380804425383776ae~mv2.jpg,Adventure,Mittel,false,
1,gpt-4o-mini,18.357927709s,27.444112542s,4,2101758,111573,https://www.60-minutes.de/,60 MINUTES,LAGERHAUS 57,"Ihr seid Special-Agents und sollt im Lagerhaus 57, ein geheimes Lager der Regierung, in dem besondere Artefakte gelagert werden, dem Saboteur das Handwerk legen und die brisanten Gegenstände retten. Bis der Selbstzerstörungsmechanismus aktiviert wird, habt Ihr genau 60 Minuten Zeit…",3,7,60,https://www.60-minutes.de/buchung,https://www.60-minutes.de/lagerhaus-57,https://static.wixstatic.com/media/dda0bb_5ef8c60b8c2f4588b9c56545ec33c354~mv2.jpg,Crime,Mittel,false,
1,gpt-4o-mini,18.357927709s,27.444112792s,4,2101758,111573,https://www.60-minutes.de/,60 MINUTES,GEISTERSTUNDE,"Ihr betretet pünktlich zur Geisterstunde das Anwesen von Ende(n)ich. Seltsame Stimmen sind zu hören und merkwürdige Dinge geschehen... Habt Ihr den Mut, dem Spuk, der dort umgeht, ein Ende zu bereiten?",2,6,60,https://www.60-minutes.de/buchung,https://www.60-minutes.de/geisterstunde,https://static.wixstatic.com/media/dda0bb_dbb4a5d5453347f3bc3552641e47fc4a~mv2.jpg,Horror,Leicht,false,
2,gpt-4o-mini,11.094310458s,21.977961459s,4,706027,89057,https://www.4walls-escape.com/,4Walls Escape,The Heist,"An inexplicable discovery in Italy: the missing painting ""Portrait of a Woman"" turned up again, not far from the gallery where it was once exhibited! Reveal as a team of investigators the most spectacular art theft in criminal history!",2,6,120,https://www.4walls-escape.com/the-heist,https://www.4walls-escape.com/the-heist,https://www.4walls-escape.com/img/game-11/teaser.jpg.jpg,Crime,4/5,false,
2,gpt-4o-mini,11.094310458s,21.977962417s,4,706027,89057,https://www.4walls-escape.com/,4Walls Escape,Mysterious Crime,"What starts as a ""harmless"" burglary gradually turns out to be something much bigger. The discovery of a hidden family secret lies shrouded in mystery. Can you uncover it? Hopefully the clues won't literally get lost in the sand...",2,6,150,https://www.4walls-escape.com/mysterious-crime,https://www.4walls-escape.com/mysterious-crime,https://www.4walls-escape.com/img/game-3/teaser.jpg.jpg,Crime,4/5,false,
2,gpt-4o-mini,11.094310458s,21.977962834s,4,706027,89057,https://www.4walls-escape.com/,4Walls Escape,The Hunt,"A new virus begins to spread uncontrollably. Normal life gradually comes to a halt. The world is in an unprecedented state of emergency. See for yourself by embarking on this ""puzzling"" quest filled with adventure, and even some danger, along the way.",2,6,90,https://www.4walls-escape.com/the-hunt,https://www.4walls-escape.com/the-hunt,https://www.4walls-escape.com/img/game-4/teaser.jpg.jpg,Adventure,3/5,false,
3,gpt-4o-mini,1m4.905360083s,1m44.178312875s,9,2440539,267408,https://www.adventurerooms.de/,Adventure Rooms,Airlines,"An einem lauen Sommerabend schlendert ihr durch die Gassen Palermos, als plötzlich ein schwarzer Van mit quietschenden Reifen vor euch hält. ",2,14,60,https://booking.adventurerooms.de/airlines,https://www.adventurerooms.de/dresden/#rooms,https://www.adventurerooms.de/dresden/wp-content/uploads/2022/03/Adventurerooms-Magdeburg-Headerlogo-Escape-Room-Magdeburg-300x89.png,Crime,Fortgeschritten,false,
3,gpt-4o-mini,1m4.905360083s,1m44.178314375s,9,2440539,267408,https://www.adventurerooms.de/,Adventure Rooms,Schweizer Original,"Entdeckt den Raum, den ein Schweizer Lehrer für seine Schüler entwickelt hat und der nun die ganze Welt begeistert.",2,12,60,https://booking.adventurerooms.de/dresden,https://www.adventurerooms.de/dresden/#rooms,https://www.adventurerooms.de/dresden/wp-content/uploads/2022/03/Logo_ohne_DD_rot-300x89.png,Fantasy,Einsteiger,false,
3,gpt-4o-mini,1m4.905360083s,1m44.178314834s,9,2440539,267408,https://www.adventurerooms.de/,Adventure Rooms,Unfall,Euer Banküberfall ist schief gelaufen und auf der Flucht klaut ihr einen Krankenwagen. In der Hektik crasht ihr in ein Wohnhaus und der Besitzer setzt euch fest.,2,12,60,https://booking.adventurerooms.de/magdeburg/de/raum/exit-berlin-chase/,https://www.adventurerooms.de/magdeburg/#rooms,https://www.adventurerooms.de/magdeburg/wp-content/uploads/2022/03/AdventureRooms-Dresden-Logo-Klein-Weiss.png,Crime,Fortgeschritten-Expert,false,
3,gpt-4o-mini,1m4.905360083s,1m44.178315042s,9,2440539,267408,https://www.adventurerooms.de/,Adventure Rooms,Ostalgie,Erkundet gemeinsam ostalgische Räumlichkeiten und plant eure Flucht in die Freiheit. Gelingt euch der Ausbruch?,2,12,60,https://booking.adventurerooms.de/magdeburg/de/raum/escaperoom-ddr-ostalgie/,https://www.adventurerooms.de/magdeburg/#rooms,https://www.adventurerooms.de/magdeburg/wp-content/uploads/2022/03/Logo_ohne_DD_rot-300x89.png,Historical,Einsteiger,false,
3,gpt-4o-mini,1m4.905360083s,1m44.17831525s,9,2440539,267408,https://www.adventurerooms.de/,Adventure Rooms,Schweizer Original,"An einem lauen Sommerabend schlendert ihr durch die Gassen Palermos, als plötzlich ein schwarzer Van mit quietschenden Reifen vor euch hält.",2,12,60,https://booking.adventurerooms.de/magdeburg/de/raum/exit-schweizer-original/,https://www.adventurerooms.de/magdeburg/#rooms,https://www.adventurerooms.de/magdeburg/wp-content/uploads/2022/03/AdventureRooms-Dresden-Logo-Klein-Weiss.png,Fantasy,Einsteiger,false,
3,gpt-4o-mini,1m4.905360083s,1m44.178315459s,9,2440539,267408,https://www.adventurerooms.de/,Adventure Rooms,Der verrückte Professor,"Gelingt euch die Flucht aus der bizarren Wohnung eines renommierten, aber verrückten Professors?",2,14,60,https://booking.adventurerooms-hamburg.de/,https://www.adventurerooms-hamburg.de/#exitrooms,https://www.adventurerooms-hamburg.de/wp-content/uploads/2019/06/Esacape-Room-in-Hamburg-Der-verrueckte-Professor.jpg,Crime,Ordentlich,false,
3,gpt-4o-mini,1m4.905360083s,1m44.178315667s,9,2440539,267408,https://www.adventurerooms.de/,Adventure Rooms,Traumhaft,"Eintaucht in die Traumwelt eines besonderen Patienten, entschlüsselt einen geheimnisvollen Virus und rettet die Menschheit.",2,14,60,https://booking.adventurerooms-hamburg.de/,https://www.adventurerooms-hamburg.de/#exitrooms,https://www.adventurerooms-hamburg.de/wp-content/uploads/2019/03/Traumhaft-ein-Escape-Game-in-Hamburg.jpg,Fantasy,Traumhaft,false,
3,gpt-4o-mini,1m4.905360083s,1m44.178325209s,9,2440539,267408,https://www.adventurerooms.de/,Adventure Rooms,Schweizer Original,"Als ihr langsam euer Bewusstsein wiedererlangt, bemerkt ihr, dass ihr in einer mysteriösen Garage angekettet seid.",2,14,60,https://booking.adventurerooms-hamburg.de/,https://www.adventurerooms-hamburg.de/#exitrooms,https://www.adventurerooms-hamburg.de/wp-content/uploads/2019/03/Schweizer-Original-das-original-escape-game-aus-der-schweiz.jpg,Crime,Moderat,false,
3,gpt-4o-mini,1m4.905360083s,1m44.178325417s,9,2440539,267408,https://www.adventurerooms.de/,Adventure Rooms,Die Weltreise,"Ein sagenhafter Schatz auf einer einsamen Insel, aber wo? Die Reise um die Welt beginnt!",2,12,60,https://booking.adventurerooms-munich.de/,https://www.adventurerooms-munich.de/#exitrooms,https://www.adventurerooms-munich.de/wp/wp-content/uploads/2019/04/Weltreise-1.jpg,Fantasy,60%,false,
3,gpt-4o-mini,1m4.905360083s,1m44.178325625s,9,2440539,267408,https://www.adventurerooms.de/,Adventure Rooms,Der Heilige Gral,Werdet ihr die Archäologin finden und mit Hilfe eines Tagebuches den richtigen Heiligen Gral in Sicherheit bringen?,2,12,60,https://booking.adventurerooms-munich.de/,https://www.adventurerooms-munich.de/#exitrooms,https://www.adventurerooms-munich.de/wp/wp-content/uploads/2019/09/Heilige-Gral-AdventureRooms.jpg,Fantasy,60%,false,
3,gpt-4o-mini,1m4.905360083s,1m44.178325875s,9,2440539,267408,https://www.adventurerooms.de/,Adventure Rooms,Die Zeitreise,Beschreitet unsere “abenteuerliche” Reise durch die Zeit und findet einen Weg zurück ins Heute!,2,12,60,https://booking.adventurerooms.de/garmisch/de/raum/exit-die-zeitreise/,https://www.adventurerooms.de/garmisch/exit-rooms/die-zeitreise/,https://www.adventurerooms.de/garmisch/wp-content/uploads/2023/06/Escape-Room-Das-Meisterstueck.jpg,Fantasy,Einsteiger,false,
3,gpt-4o-mini,1m4.905360083s,1m44.178326084s,9,2440539,267408,https://www.adventurerooms.de/,Adventure Rooms,Der Uhrmacher,Entkommt den Experimenten des Uhrmachers und löst das Rätsel um seine Zeitmaschine.,2,12,60,https://booking.adventurerooms.de/garmisch/de/raum/exit-der-uhrmacher/,https://www.adventurerooms.de/garmisch/exit-rooms/der-uhrmacher/,https://www.adventurerooms.de/garmisch/wp-content/uploads/2023/06/Escape-Room-Das-Meisterstueck.jpg,Science Fiction,Einsteiger,false,
4,gpt-4o-mini,51.148231291s,1m12.098770833s,7,2044607,318271,https://www.adventure-team.eu/,Adventure Team,Aus Versehen Apokalypse,Herzlich Willkommen im Atomkraftwerk! Ihr müsst euch mit einer künstlichen Intelligenz namens A.M.E.E. auseinandersetzen. Seid ihr bereit?,3,7,60,https://eu5.bookingkit.de/checkout2/addToCart/?event_id=7fbc44c3f62341e0a0b12414df7bd9cf&lang=de&t=TeamEscape,https://teamescape.com/hamburg/escape-rooms/aus-versehen-apokalypse/,https://cdn.bookingkit.de/vendor_images/99fd58f8788703aaee3aae6122039953/detail/Aus_Versehen_Apokalypse-Cover.jpg,Spannung,Hoch,false,
4,gpt-4o-mini,51.148231291s,1m12.098781208s,7,2044607,318271,https://www.adventure-team.eu/,Adventure Team,Die Zelle,Nutzt eure Chance und brecht aus dem Gefängnis aus! Schafft ihr es in 60 Minuten?,4,6,60,https://eu5.bookingkit.de/checkout2/addToCart/?event_id=8e2e32e063ff8eb753be016763b79d1a&lang=de&t=TeamEscape,https://teamescape.com/hamburg/escape-rooms/die-zelle/,https://cdn.bookingkit.de/vendor_images/99fd58f8788703aaee3aae6122039953/detail/Die_Zelle-Cover.jpg,Spannung,Mittel,false,
4,gpt-4o-mini,51.148231291s,1m12.098781333s,7,2044607,318271,https://www.adventure-team.eu/,Adventure Team,Heimlich im Museum – Raum A,Diebstahl in der Hansestadt! Schafft ihr es die wertvollen Briefmarken zu stehlen?,2,6,60,https://eu5.bookingkit.de/checkout2/addToCart/?event_id=85da603addbc7c5eaa98d03bf572a4cc&lang=de&t=TeamEscape,https://teamescape.com/hamburg/escape-rooms/heimlich-im-museum-raum-a/,https://cdn.bookingkit.de/vendor_images/99fd58f8788703aaee3aae6122039953/detail/Heimlich_Im_Museum-Cover-1709117618.jpg,Spannung,Mittel,false,
4,gpt-4o-mini,51.148231291s,1m12.098781458s,7,2044607,318271,https://www.adventure-team.eu/,Adventure Team,Heimlich im Museum – Raum B,Diebstahl in der Hansestadt! Zieht den Coup ab und stehlt die wertvollen Briefmarken!,2,6,60,https://eu5.bookingkit.de/checkout2/addToCart/?event_id=9afa8f54855dfd1e57f41cd4d8ba1d8d&lang=de&t=TeamEscape,https://teamescape.com/hamburg/escape-rooms/heimlich-im-museum-raum-b/,https://cdn.bookingkit.de/vendor_images/99fd58f8788703aaee3aae6122039953/detail/Heimlich_Im_Museum-Cover-1709117618.jpg,Spannung,Mittel,false,
4,gpt-4o-mini,51.148231291s,1m12.098781583s,7,2044607,318271,https://www.adventure-team.eu/,Adventure Team,Vermächtnis des Zeitreisenden,Rettet die Zeit selbst! Springt durch Portale in verschiedene Epochen der Geschichte.,3,8,60,https://eu5.bookingkit.de/checkout2/addToCart/?event_id=5ec11528010b0ac2947ffb0c5390e8a9&lang=de&t=TeamEscape,https://teamescape.com/hamburg/escape-rooms/vermaechtnis-des-zeitreisenden/,https://cdn.bookingkit.de/vendor_images/99fd58f8788703aaee3aae6122039953/detail/Verma_chtnis_Eines_Zeitreisenden-Cover.jpg,Abenteuer,Mittel,false,
5,gpt-4o-mini,35.635221167s,55.378428958s,6,1027258,184010,https://www.escaperooms-neu-ulm.de/,Escape Rooms Neu Ulm,ATLANTIS,"Die Geschichte Poseidons ist eine der größten Legenden des Meeres. Nach dem Mythos war Poseidon eifersüchtig auf Atlantis und so ließ er die ganze Stadt unter dem Wasser versinken. Sein mächtiges Zepter, der Dreizack, wird im Zentrum von Atlantis aufbewahrt. Nach langjähriger Recherche und Übersetzung von hunderten von alten Schriften bist du nun hier! Wenn du recht hast, ist die Entdeckung von Atlantis eine Tatsache, die die Weltgeschichte neu schreiben wird. Die antiken Ruinen, die du gerade siehst, verbergen Geheimnisse die größer sind als jede bekannte Legende. Doch die Gefahr deines Todes und wie Atlantis unterzugehen ist nicht zu unterschätzen.",2,8,60,https://flexybook.flexybox.com/neu-ulm/Offer,https://escaperooms-neu-ulm.de/rooms/atlantis/,https://image.jimcdn.com/app/cms/image/transf/none/path/sf6a26418ef107d41/image/i7aecff32ed63bd96/version/1689766420/image.png,Adventure,Fortgeschrittene,false,
5,gpt-4o-mini,35.635221167s,55.378430125s,6,1027258,184010,https://www.escaperooms-neu-ulm.de/,Escape Rooms Neu Ulm,UPSIDE DOWN,"Das Verschwinden eines kleinen Jungen hat die örtliche Gemeinde beunruhigt. Gemeinsam habt ihr beschlossen, den Fall zu lösen. Es dauert nicht lange, bis ihr erkennt, dass sich direkt unter euren Füßen übernatürliche Ereignisse abspielen. Eine Jagd zwischen parallelen Dimensionen, geheimen Laboren und Verschwörungstheorien beginnt. Es wird schwer nach den Erlebnissen zur Normalität zurückzukehren!",2,8,60,https://flexybook.flexybox.com/neu-ulm/Offer,https://escaperooms-neu-ulm.de/rooms/upside-down/,https://image.jimcdn.com/app/cms/image/transf/none/path/sf6a26418ef107d41/image/i1fcce778a9e07c15/version/1689768063/image.png,Fantasy,Für Profis,false,
5,gpt-4o-mini,35.635221167s,55.378430541s,6,1027258,184010,https://www.escaperooms-neu-ulm.de/,Escape Rooms Neu Ulm,TEMPEL DER AZTEKEN,"Willkommen im Tempel der Azteken. Du bist bis hierher vorgedrungen, auf Deiner Suche nach dem verschwundenen Forscher Professor Cortés. Man sagt, er habe tief im Dschungel von Zentral-Mexiko die letzten Überreste der Azteken und ihres Totenkults gefunden. Bei näherer Betrachtung der Aufzeichnungen des Professors hast Du herausgefunden, dass er es bis genau in diesen Raum geschafft hat. Heraus fand er jedoch nicht mehr. Kannst Du das richtige Rätsel knacken um aus dem Tempel wieder zu entkommen?",2,8,60,https://flexybook.flexybox.com/neu-ulm/Offer,https://escaperooms-neu-ulm.de/rooms/tempel-der-azteken/,https://image.jimcdn.com/app/cms/image/transf/none/path/sf6a26418ef107d41/image/if1e58086a441bce5/version/1678208082/image.png,Historical,Für Fortgeschrittene,false,
5,gpt-4o-mini,35.635221167s,55.378430708s,6,1027258,184010,https://www.escaperooms-neu-ulm.de/,Escape Rooms Neu Ulm,HOSTEL,"Auf einem Trip nach Europa begebt Ihr Euch auf die Suche nach Eurer verschwundenen Freundin. Folgt den Hinweisen, um Eure Freundin zu finden, haltet den Entführer auf und brennt alles nieder!",2,8,60,https://flexybook.flexybox.com/neu-ulm/Offer,https://www.escaperooms-neu-ulm.de/rooms/hostel/,https://u.jimcdn.com/cms/o/sf6a26418ef107d41/userlayout/img/hostel2.jpg,Horror,Für Fortgeschrittene,false,
5,gpt-4o-mini,35.635221167s,55.378430875s,6,1027258,184010,https://www.escaperooms-neu-ulm.de/,Escape Rooms Neu Ulm,DRACULA,Auf deiner Rundreise durch den Balkan legst du einen Stopp in den Südkarpaten ein um in den siebenbürgischen Bergen das sagenumwobene Schloss Vlad III. Dracula‘s zu besichtigen. Während der Gruppenführung setzt du dich von Allen unbemerkt in den verbotenen Sektor des Schlosses ab. Eine schreckliche Idee denn es gibt für dich nur einen Weg zurück in die Freiheit! Findest du Dracula oder findet er dich?,2,8,60,https://flexybook.flexybox.com/neu-ulm/Offer,https://escaperooms-neu-ulm.de/rooms/dracula/,https://image.jimcdn.com/app/cms/image/transf/none/path/sf6a26418ef107d41/image/i0207373897b9c076/version/1678212760/image.png,Horror,Für Anfänger,false,
6,gpt-4o-mini,42.276011916s,1m15.989734083s,10,2066094,539355,https://adventurebox-karlsruhe.de/,Adventurebox Escape Room,Das 5. Element,"Beim Tunnelbau der Karlsruher U-Bahn kommen uralte Ruinen ans Licht. Hieroglyphen beschreiben ein mächtiges 5. Element, das in einer Grabanlage verborgen liegt. Es gibt nur ein Team, das die Grabkammer öffnen und das Geheimnis entschlüsseln kann. Der Weg führt vorbei an mystischen Wandmalereien, gruseligen Skeletten und einer Schlangengrube. Ihr seid die besten Archäologen, die wir kennen – steigt hinab in die Gruft!",2,6,60,https://adventurebox-karlsruhe.de/buchen/,https://adventurebox-karlsruhe.de/events/das-5-element/,https://adventurebox-karlsruhe.de/wp-content/uploads/das-5-element-escape-room.png,Adventure,Medium,true,"ChatCompletion error: error, status code: 400, message: This model's maximum context length is 128000 tokens. However, your messages resulted in 198542 tokens (198208 in the messages, 334 in the functions). Please reduce the length of the messages or functions."
6,gpt-4o-mini,42.276011916s,1m15.989734458s,10,2066094,539355,https://adventurebox-karlsruhe.de/,Adventurebox Escape Room,Time Unit 49°N,"Ein Escape Room, in dem ihr das Geheimnis einer futuristischen Tür und das Verschwinden einer Karlsruher Studentin entschlüsseln müsst.",3,6,60,https://quinbook.com/shop/booking?service=3037f207300f54b525ffd72efc047b12&date=2024-09-18,https://adventurebox-karlsruhe.de/events/time-unit-49/,https://adventurebox-karlsruhe.de/wp-content/uploads/time-unit-escape-room.png,Science Fiction,N/A,true,"ChatCompletion error: error, status code: 400, message: This model's maximum context length is 128000 tokens. However, your messages resulted in 198542 tokens (198208 in the messages, 334 in the functions). Please reduce the length of the messages or functions."
6,gpt-4o-mini,42.276011916s,1m15.989734542s,10,2066094,539355,https://adventurebox-karlsruhe.de/,Adventurebox Escape Room,Mission Impossible,"Ein berüchtigter Kunsträuber hält sich in Karlsruhe auf. Das wertvollste Stück seiner illegalen Sammlung ist ein Edelstein von unvergleichlicher Schönheit und unermesslichem Wert: Der Aurora-Diamant. Heute Nacht soll er seinen Aufbewahrungsort wechseln – das ist unsere Chance! Die Aktion läuft im Verborgenen: denn die Zielperson ist jemand von Rang und Namen. Ihr seid die unerschrockensten Geheimagenten der Welt – rettet den Aurora-Diamanten, überführt den heuchlerischen Dieb!",2,6,60,https://quinbook.com,https://adventurebox-karlsruhe.de/events/mission-impossible/,https://adventurebox-karlsruhe.de/wp-content/uploads/mission-impossible-escape-room.png,Crime,Medium,true,"ChatCompletion error: error, status code: 400, message: This model's maximum context length is 128000 tokens. However, your messages resulted in 198542 tokens (198208 in the messages, 334 in the functions). Please reduce the length of the messages or functions."
6,gpt-4o-mini,42.276011916s,1m15.989746333s,10,2066094,539355,https://adventurebox-karlsruhe.de/,Adventurebox Escape Room,Das Elixier der Macht,"Geht mit uns auf eine sagenhafte Mission, entlockt dem Würfel sein Geheimnis!",2,12,180,https://adventurebox-karlsruhe.de/events/elixier-der-macht/,https://adventurebox-karlsruhe.de/events/elixier-der-macht/,https://adventurebox-karlsruhe.de/wp-content/uploads/elixier-der-macht-outdoor-exit-game-karlsruhe.png,Adventure,Medium,true,"ChatCompletion error: error, status code: 400, message: This model's maximum context length is 128000 tokens. However, your messages resulted in 198542 tokens (198208 in the messages, 334 in the functions). Please reduce the length of the messages or functions."
6,gpt-4o-mini,42.276011916s,1m15.989746417s,10,2066094,539355,https://adventurebox-karlsruhe.de/,Adventurebox Escape Room,Der Fall Bergmann,"Eine Frau ist verschwunden, mitten in Karlsruhe. Was kann Frau Bergmann nur geschehen sein? Die Polizei gerät an die Grenzen ihres Ermittlungsgeschicks. Korruption, Mord und ein seltsamer Koffer: Trieben dunkle Geheimnisse und ein düsteres Komplott die arme Frau aus Karlsruhe ins Verderben? Zeit für den Einsatz unserer Spezial-Agenten von der TABCrime-Agency. Ihr seid die Besten der Besten – zeigt, was Ihr könnt!",2,6,180,https://adventurebox-karlsruhe.de/events/der-fall-bergmann/,https://adventurebox-karlsruhe.de/events/der-fall-bergmann/,https://adventurebox-karlsruhe.de/wp-content/uploads/2b-Fall-Bergmann-Tatort.jpg,Crime,Das schwierigste Outdoor Exitgame,true,"ChatCompletion error: error, status code: 400, message: This model's maximum context length is 128000 tokens. However, your messages resulted in 198542 tokens (198208 in the messages, 334 in the functions). Please reduce the length of the messages or functions."
6,gpt-4o-mini,42.276011916s,1m15.989746458s,10,2066094,539355,https://adventurebox-karlsruhe.de/,Adventurebox Escape Room,Kids: Operation Fuchsjagd,"Stoppt den Räuber auf seinem Beutezug! Der gefürchtete Meisterdieb „Fuchs“ hat den berühmten Aurora-Diamanten entwendet und ein Agent ist verschwunden. Werdet zum Spezialkommando „Die Schattenwölfe“, folgt den Hinweisen und löst die Rätsel!",2,12,180,https://adventurebox-karlsruhe.de/buchen/,https://adventurebox-karlsruhe.de/events/operation-fuchsjagd/,https://adventurebox-karlsruhe.de/wp-content/uploads/operation-fuchsjagd-outdoor-krimi-event.png,Crime,Mittel,true,"ChatCompletion error: error, status code: 400, message: This model's maximum context length is 128000 tokens. However, your messages resulted in 198542 tokens (198208 in the messages, 334 in the functions). Please reduce the length of the messages or functions."
6,gpt-4o-mini,42.276011916s,1m15.989746542s,10,2066094,539355,https://adventurebox-karlsruhe.de/,Adventurebox Escape Room,City Explorer,City Explorer: Erlebt Sightseeing mit Kick! Mit City Explorer definieren wir Sightseeing in Karlsruhe neu. Ihr besichtigt nicht einfach die Sehenswürdigkeiten sondern erlebt ein interaktives Abenteuer bei einer digitalen Schnitzeljagd.,12,100,120,https://adventurebox-karlsruhe.de/events/city-explorer/,https://adventurebox-karlsruhe.de/events/city-explorer/,https://adventurebox-karlsruhe.de/wp-content/uploads/city-explorer-city-challenge-karlsruhe.png,Adventure,Leicht,true,"ChatCompletion error: error, status code: 400, message: This model's maximum context length is 128000 tokens. However, your messages resulted in 198542 tokens (198208 in the messages, 334 in the functions). Please reduce the length of the messages or functions."
6,gpt-4o-mini,42.276011916s,1m15.989746625s,10,2066094,539355,https://adventurebox-karlsruhe.de/,Adventurebox Escape Room,TABCrime Academy,"Willkommen in der Krimi-Akademie! Schlüpft in die Rolle von Nachwuchs-Agenten und geht auf einen Streifzug durch die Stadt. Wer ist der kühle Stratege? Wer der kühne Draufgänger, der kein Risiko scheut? Ob Organisationstalent, genauer Beobachter oder Technik Nerd – jedes Talent zählt im Ermittlerteam. Nur gemeinsam kommt Ihr ans Ziel! Knackt ihr alle Aufgaben in der vorgegebenen Zeit? Beweist Euren Spürsinn und besteht die Challenge!",12,100,120,https://adventurebox-karlsruhe.de/events/tabcrime-academy/,https://adventurebox-karlsruhe.de/events/tabcrime-academy/,https://adventurebox-karlsruhe.de/wp-content/uploads/3b-TABCrime-Academy-Team-sucht.jpg,Crime,Leicht bis Mittel,true,"ChatCompletion error: error, status code: 400, message: This model's maximum context length is 128000 tokens. However, your messages resulted in 198542 tokens (198208 in the messages, 334 in the functions). Please reduce the length of the messages or functions."
6,gpt-4o-mini,42.276011916s,1m15.989746708s,10,2066094,539355,https://adventurebox-karlsruhe.de/,Adventurebox Escape Room,Das 5. Element,Beim Tunnelbau der Karlsruher U-Bahn kommen uralte Ruinen ans Licht. Hieroglyphen beschreiben ein mächtiges 5.…,2,6,60,https://adventurebox-karlsruhe.de/events/das-5-element/,https://adventurebox-karlsruhe.de/events/das-5-element/,https://adventurebox-karlsruhe.de/wp-content/uploads/1b_5.Element_Felsenhohle.jpg,Adventure,Mittel,true,"ChatCompletion error: error, status code: 400, message: This model's maximum context length is 128000 tokens. However, your messages resulted in 198542 tokens (198208 in the messages, 334 in the functions). Please reduce the length of the messages or functions."
6,gpt-4o-mini,42.276011916s,1m15.98974675s,10,2066094,539355,https://adventurebox-karlsruhe.de/,Adventurebox Escape Room,Time Unit 49°N,Die Zeit ist abgelaufen! Sichert euch noch die letzten Spiele der Champions League.,3,7,60,https://adventurebox-karlsruhe.de/events/time-unit-49/,https://adventurebox-karlsruhe.de/events/time-unit-49/,https://adventurebox-karlsruhe.de/wp-content/uploads/MissionImpossible-Lasergang.jpg,Science Fiction,Schwer,true,"ChatCompletion error: error, status code: 400, message: This model's maximum context length is 128000 tokens. However, your messages resulted in 198542 tokens (198208 in the messages, 334 in the functions). Please reduce the length of the messages or functions."
6,gpt-4o-mini,42.276011916s,1m15.989746833s,10,2066094,539355,https://adventurebox-karlsruhe.de/,Adventurebox Escape Room,Mission Impossible,Ein berüchtigter Kunsträuber hält sich in Karlsruhe auf. Das wertvollste Stück seiner illegalen Sammlung ist…,2,6,60,https://adventurebox-karlsruhe.de/events/mission-impossible/,https://adventurebox-karlsruhe.de/events/mission-impossible/,https://adventurebox-karlsruhe.de/wp-content/uploads/1c_MissionImpossible_Lasergang.jpg,Crime,Mittel,true,"ChatCompletion error: error, status code: 400, message: This model's maximum context length is 128000 tokens. However, your messages resulted in 198542 tokens (198208 in the messages, 334 in the functions). Please reduce the length of the messages or functions."
7,gpt-4o-mini,6.838696791s,14.670957209s,3,577935,81648,https://planet-escape-nidda.de/,Planet Escape Room Nidda,Das verlassene Kraftwerk,"Ihr seid auf einer Urlaubsreise und wollt die unberührte Natur genießen. Auf einem Ausflug entdeckt ihr ein Gebäude, völlig überwuchert und anscheinend seit Jahren verlassen. Ihr beschliesst euch die Sache genauer anzusehen und findet eine Türe. Sie lässt sich öffnen. Dieser Einladung folgend betretet Ihr das Gebäude - es scheint ein altes Kraftwerk zu sein. Doch das Gebäude ist nicht so tot wie es scheint. Die Falle schnappt zu… Ihr habt 55 Minuten Zeit aus dieser Hölle zu entkommen. Beeilt euch, oder es gibt keine Rückkehr!",2,8,55,https://planet-escape-nidda.de/das-verlassene-kraftwerk,https://planet-escape-nidda.de/das-verlassene-kraftwerk,https://templates/yootheme/cache/71/kraftwerk-71a8bcc2.png,Horror,Unknown,false,
7,gpt-4o-mini,6.838696791s,14.670974917s,3,577935,81648,https://planet-escape-nidda.de/,Planet Escape Room Nidda,Der Tempel der Azteken,"Tief im Dschungel ist Professor Cortés bei seiner Expedition zum Schatz des Azteken Montezuma verschollen. Der erfahrene Forscher war auf der Suche nach den Überresten des Totenkults, als auf einmal die Verbindung zur Aussenwelt abriß. Sie, als seine Studenten, haben es nach intensivem Studium seiner Aufzeichnungen geschafft seiner Spur bis zu diesem Raum im Tempel zu folgen. Sie finden den Professor - er ist jedoch tot. Hinter Ihnen verschliesst plötzlich ein großer Stein den Ausgang. Ereilt Sie dasselbe Schicksal wie den Professor oder finden Sie einen Weg den Fluch des Montezuma zu brechen und den Tempel wieder zu verlassen, bevor Ihnen der Sauerstoff ausgeht?",2,8,55,https://planet-escape-nidda.de/der-tempel-der-azteken,https://planet-escape-nidda.de/der-tempel-der-azteken,https://templates/yootheme/cache/48/azteken-4833013f.png,Crime,Unknown,false,
8,gpt-4o-mini,871.209708ms,3.134175833s,1,29318,6561,https://www.escaperooms-ritterhude.de/,Escape Rooms Ritterhude,,,0,0,0,,,,,,false,failed to navigate: failed to navigate to url: /escape-room-standort/detail/grabkammer/: {-32000 Cannot navigate to invalid URL }
9,gpt-4o-mini,10.086551s,19.871735417s,3,851434,84285,https://alfsee-escape.de/,Alfsee Escape - Indoor & Outdoor Escaperoom,Der Nebel der Zeit,"Du befindest Dich auf dem Dachboden des Hauses, dass ihr gerade geerbt habt und findest einen alten Wandschrank. Hinter dem Wandschrank befindet sich der Durchgang zur Germanenzeit. Euer Dorf soll niedergebrannt werden. Rettet Euch und Euer Dorf gegen die angreifenden Römer in dem Ihr Rätsel und Aufgaben löst und so wertvolle Artefakte sammelt um erfolgreich gegen die Angreifer bestehen zu können.",4,8,60,https://alfsee-escape.de/indoor-escape-room/,https://alfsee-escape.de/indoor-escape-room/,https://alfsee-escape.de/wp-content/uploads/2021/12/Nebel-der-Zeit-Banner.jpg,Historical,80%,false,
9,gpt-4o-mini,10.086551s,19.871747833s,3,851434,84285,https://alfsee-escape.de/,Alfsee Escape - Indoor & Outdoor Escaperoom,Die Ausgrabung,In dem Germanen Dorf am Alfsee wurde eine Kiste gefunden. Leider sind wir nicht fähig diese Kiste zu öffnen und es liegt nun an euch dies zu tun doch was hat es mit dem Heinrich See und dem Heinrich von Dubbelau auf sich? Wolfgang hat uns eine Karte hinterlassen. Könnt ihr mit Hilfe des Tablets die verschiedenen Punkte finden und die Rätsel lösen um das Wissen zurück zu bringen?,2,30,120,https://alfsee-escape.de/outdoor-escape-room/,https://alfsee-escape.de/outdoor-escape-room/,https://alfsee-escape.de/wp-content/uploads/2021/12/DIE-AUSGRABUNG-Banner.jpg,Adventure,40%,false,
10,gpt-4o-mini,9.144738249s,22.6378175s,4,284534,46196,https://www.raus.rocks/,Raus! Escape Room Aachen,Die Entdeckung,"Der etwas verschrobene, aber doch hochintelligente Dr. Noble hat eine große Entdeckung gemacht, die die Welt aus den Angeln heben könnte. Leider ist er unter mysteriösen Umständen verstorben, und nun ist es an Euch, seine größtes Vermächtnis zu bergen. Ihr arbeitet im Auftrag einer streng geheimen Geheimorganisation, und müsst Euch schon mächtig ins Zeug legen. Denn Dr. Noble hat diverse Sicherheitsvorkehrungen getroffen, damit seine Entdeckung nicht in falsche Hände gerät.",3,6,66,https://raus.rocks/services/buchung-die-entdeckung/,https://raus.rocks/services/buchung-die-entdeckung/,https://www.raus.rocks/wp-content/uploads/2017/11/Escape-Room-Aachen-Die-Entdeckung-1168x658.jpg,Adventure,Difficulty,false,
10,gpt-4o-mini,9.144738249s,22.637860541s,4,284534,46196,https://www.raus.rocks/,Raus! Escape Room Aachen,Aachen – Die letzte Zuflucht!,"Es ist passiert – die Zombie-Apokalypse ist über uns gekommen. 93 Prozent der Weltbevölkerung wurde infiziert...Nach einer 15-minütigen Einführung, habt ihr eine Stunde Zeit, die Tests zu bestehen und den Raum zu lösen. Mit seinen Rätseln, die alle Sinne herausfordern, ist der Raum perfekt für alte Hasen, aber auch für Escape-Room Neulinge geeignet.",2,6,60,https://raus.rocks/services/buchung-zuflucht/,https://raus.rocks/services/buchung-zuflucht/,https://www.raus.rocks/wp-content/uploads/2017/11/Escape-Room-Aachen-Die-Zuflucht-1-1168x658.jpg,Horror,Difficulty,false,
10,gpt-4o-mini,9.144738249s,22.637860791s,4,284534,46196,https://www.raus.rocks/,Raus! Escape Room Aachen,Das Portal,Zeitreisen sind real! Wissenschaftler haben bei uns in der Oppenhofallee einen Riss im Raum-Zeit-Kontinuum entdeckt und diesen erforscht. Eure Aufgabe ist: Schreitet durch das Portal in die Zukunft! Besorgt das Notizbuch! Kommt zurück in die Gegenwart und rettet die Menschheit!,6,11,70,https://www.raus.rocks/services/das-portal/,https://www.raus.rocks/services/das-portal/,https://www.raus.rocks/wp-content/uploads/2017/11/Telefon_Portal-1170x658.jpg,Science Fiction,Difficulty,false,
11,gpt-4o-mini,13.17298825s,20.59583425s,2,675750,73760,https://deadline-escape.de/,Deadline Escape Games│Hamburg,Prison Break,"Ihr wurdet zum Tode verurteilt für ein Verbrechen, welches ihr nicht begangen habt. Glücklicherweise ist eure Lage nicht komplett aussichtslos. Schafft ihr es gemeinsam den Weg in die Freiheit zu finden?",2,6,90,https://deadline-escape.de/hamburg-escape-room/#prison-break,https://deadline-escape.de/hamburg-escape-room/#prison-break,https://deadline-escape.de/wp-content/uploads/2019/10/prison_break.png,Prison,Mittel,false,
11,gpt-4o-mini,13.17298825s,20.595848833s,2,675750,73760,https://deadline-escape.de/,Deadline Escape Games│Hamburg,Magical Mystery,"In Hektors Räumlichkeiten angekommen, müsst ihr eine ganze Reihe von Aufgaben und Rätseln lösen, um eure Fähigkeiten unter Beweis zu stellen. Doch nehmt euch in Acht, denn der Magier scheint ein dunkles Geheimnis zu haben.",2,6,90,https://deadline-escape.de/hamburg-escape-room/#magical-mystery,https://deadline-escape.de/hamburg-escape-room/#magical-mystery,https://deadline-escape.de/wp-content/uploads/2019/10/magical_mystery.png,Fantasy,Mittel,false,
11,gpt-4o-mini,13.17298825s,20.595850166s,2,675750,73760,https://deadline-escape.de/,Deadline Escape Games│Hamburg,Goldmine,"Nach einem langen und harten Arbeitstag wollt ihr gerade eure Schicht in der alten Goldmine beenden, als das Unglück passiert. Haltet Euch an den Evakuierungsplan und bringt euch rechtzeitig in Sicherheit.",4,6,90,https://deadline-escape.de/hamburg-escape-room/#goldmine,https://deadline-escape.de/hamburg-escape-room/#goldmine,https://deadline-escape.de/wp-content/uploads/2019/10/gold_mine.png,Adventure,Schwer,false,
11,gpt-4o-mini,13.17298825s,20.595850958s,2,675750,73760,https://deadline-escape.de/,Deadline Escape Games│Hamburg,Lost Island,Ihr befindet Euch auf einer wichtigen Expedition mitten im Karibischen Meer! Eure Mission ist es auf einer sagenumwobenen Insel das Heiligtum der Maya zu beschaffen!,4,6,90,https://deadline-escape.de/hamburg-escape-room/#lost-island,https://deadline-escape.de/hamburg-escape-room/#lost-island,https://deadline-escape.de/wp-content/uploads/2019/10/lost_island.png,Adventure,Schwer,false,
12,gpt-4o-mini,3.167380334s,7.676851s,2,68343,12134,http://avermind.com,Avermind - Online Escape Rooms,Die Jagd durch Wien,"“Die Jagd durch Wien” ist ein kooperatives Online-Rätsel-Abenteuerspiel. Aufgeteilt in zwei Gruppen stellt Ihr euch gemeinsam als Team herausfordernden Rätsel. Neben eurer Kreativität und eurem scharfsinnigen Verstand könnten auch Stift und Papier euch beim Lösen der Rätsel unterstützen. Selbstverständlich stehen euch im Spiel zahlreiche Hinweise, die euch beim Lösen der Rätsel weiterhelfen sowie Lösungen zur Verfügung.",2,6,240,https://avermind.com/site/Kauf?game=0,https://avermind.com/site/Artikel#spiel,https://avermind.com/site/Images/Artikel/Avermind_Jagd_durch_Wien.small.jpg,Adventure,"4,5/5",false,
13,gpt-4o-mini,2.654063167s,5.918163208s,1,150967,42546,https://www.quexit.de/,Quexit,,,0,0,0,,,,,,false,failed to navigate: failed to navigate to url: /düsseldorf/escape-rooms-und-escape-games/alle-escape-missionen/hangover-escape-tour/: {-32000 Cannot navigate to invalid URL }
14,gpt-4o-mini,16.950632542s,28.220767833s,4,1402971,121691,https://escapeempire.de/,Escape Empire Nürnberg,Prison Break,"Lärm dringt durch das Gitter Eurer Tür. Wachen laufen aufgeregt an der Zelle vorbei. Du und Deine Mitinsassen seht Euch fragend an. Nach einem lauten Knall ist es auf einmal verdächtig still. Plötzlich kommen Wärter und zerren Euch hektisch in eine andere Zelle. Ihr erkennt es als die berüchtigte Zelle 13, über die Ihr schon viele Gerüchte auf dem Gefängnishof gehört habt. Man munkelt, der vorherige Insasse soll von dort aus eine Flucht geplant haben. Vielleicht ist das Eure Chance endlich aus dem Gefängnis zu fliehen, seid Ihr doch unschuldig eingesperrt…",2,6,60,https://escapeempire.de/buchen/,https://escapeempire.de/raeume/#prison-break,https://escapeempire.de/wp-content/uploads/2018/05/jail-circle-icon.png,Prison,Mittel,false,
14,gpt-4o-mini,16.950632542s,28.220782917s,4,1402971,121691,https://escapeempire.de/,Escape Empire Nürnberg,Space Escape,"Das Letzte woran Ihr Euch erinnern könnt ist ein gleißend helles Licht gefolgt von einem kurzen Gefühl der Schwerelosigkeit. Als Ihr wieder zu Euch kommt, seid Ihr an einem völlig fremdartigen Ort. Ihr erkennt sofort, dass hier nichts von Menschenhand geschaffen wurde. Das gleichmäßige Brummen schwerer Maschinen wird unterbrochen, als plötzlich seltsame Sirenen ertönen. Ihr seht schemenhaft unbekannte Wesen, die aufgeregt den Raum verlassen und dabei unverständliche Laute von sich geben. Dann seid Ihr allein…",2,6,60,https://escapeempire.de/buchen/,https://escapeempire.de/raeume/#space-escape,https://escapeempire.de/wp-content/uploads/2018/05/space-escape-circle-icon.png,Science Fiction,Mittel – Schwer,false,
14,gpt-4o-mini,16.950632542s,28.220783083s,4,1402971,121691,https://escapeempire.de/,Escape Empire Nürnberg,Holy Grail,"Es sind dunkle Zeiten über Burg Camelot hereingebrochen. Kurz nachdem der heilige Gral verschwunden ist, werden auch Menschen vermisst. Der Magier Merlin verhält sich noch seltsamer als sonst und auch unter den Rittern der Tafelrunde ist Argwohn eingekehrt. Da Artus seine engsten Vertrauten ohne Beweise keine Anschuldigungen aussetzen möchte, hat er nun Euch unabhängige Höflinge damit beauftragt, den Vorfällen nachzugehen. Noch scheint der Gral allerdings in der Nähe zu sein, somit beginnt Eure Suche auf Camelot…",2,6,60,https://escapeempire.de/buchen/,https://escapeempire.de/raeume/#holy-grail,https://escapeempire.de/wp-content/uploads/2018/05/holy-grail-circle-icon-v2.png,Adventure,Leicht – Mittel,false,
15,gpt-4o-mini,13.459051916s,17.991292167s,2,68736,35826,https://www.harz-escape.de/index_en.html,Harz Escape,The Don Vito Investigation,"New York, 1932. Organized crime is at its peak. You are agents and have been assigned to the case of Vito Genovese. While working on the case, the phone rings. A soft voice whispers: „They know about the photos. They are coming!“. You know that your boss, Joe Petrosino, possesses incriminating material against Don Vito which he keeps well hidden in his office. Can you find and secure the documents before the mafia arrives?",2,4,60,javascript:setRoom(2);,https://www.harz-escape.de/index_en.html#games,assets/img/DonVitoWandbild.jpg,Crime,Beginner,false,
15,gpt-4o-mini,13.459051916s,17.991296958s,2,68736,35826,https://www.harz-escape.de/index_en.html,Harz Escape,Witchcraft & Wizardry,"The time is near! You are about to become real witches and wizards. But first, you have to take one final exam. According to tradition, it is held deep in the forest, in the secret hut of the ancient and wise witch. Divination, Broom Flight, Transfiguration – show that you master the magic arts and pass all the assignments in just 60 minutes. Hurry up, the sand is running down the hourglass!",2,4,60,javascript:setRoom(3);,https://www.harz-escape.de/index_en.html#games,assets/img/Zauberpruefung-Rabe.jpg,Fantasy,Beginner,false,
15,gpt-4o-mini,13.459051916s,17.991297208s,2,68736,35826,https://www.harz-escape.de/index_en.html,Harz Escape,The Secret of the Watchmaker,"Next to our Escape Room, there is a small watchmaker’s shop. The owner, Regina Jürgensen, appears to be a quiet and unassuming person. But then why are there these strange and sometimes alarmingly loud noises coming from her shop? We would very much appreciate your help in finding out.",2,4,75,javascript:setRoom(1);,https://www.harz-escape.de/index_en.html#games,assets/img/Uhrmacherin.jpg,Adventure,Intermediate,false,
15,gpt-4o-mini,13.459051916s,17.991297458s,2,68736,35826,https://www.harz-escape.de/index_en.html,Harz Escape,Santa’s Golden Book,"Have you been good this year? As you are not completely sure, you decide to take the matter into your own hands: you wait until Santa has left for his daily stroll and sneak into his house. Will you manage to find his golden book and put down your names to ensure your Christmas gifts?",2,4,60,#,#,assets/img/GoldenesBuch.jpg,Fantasy,Beginner,false,
15,gpt-4o-mini,13.459051916s,17.991297583s,2,68736,35826,https://www.harz-escape.de/index_en.html,Harz Escape,Letters from the Past,"A key, an old postcard and a strange note: that’s all Katharina has to find her missing father. Follow his trail through the winding streets of Wernigerode, discover hidden places and solve a decades-old mystery!",2,8,120,#,#,assets/img/Stadtspiel.jpg,Adventure,Medium,false,
15,gpt-4o-mini,13.459051916s,17.991297708s,2,68736,35826,https://www.harz-escape.de/index_en.html,Harz Escape,Magical Creatures,"Rumour has it that there’s a number of magical creatures living in the Harz region. Is this true or just a myth? Equipped with a mysterious backpack and the notes of a renowned scientist called Prof. Magnus, you start your journey through town in search of these small miraculous beasts.",2,18,120,#,#,assets/img/Fabelwesen.jpg,Fantasy,Medium,false,
15,gpt-4o-mini,13.459051916s,17.991297833s,2,68736,35826,https://www.harz-escape.de/index_en.html,Harz Escape,The Mysterious Table,"During his last expedition, Professor Magnus found a mysterious object: a round table with strange symbols and many locks guarding its unknown content. Are you able to solve the riddles, open the hidden compartment and reveal the secret of this ancient artefact? Borrow the table for one day and find out what lies within!",1,4,240,#,#,assets/img/Raetseltisch.jpg,Adventure,Medium,false,
16,gpt-4o-mini,12.792942041s,26.035036792s,5,779207,86557,https://escape-arena.de/,Escape Arena Essen,Die Zauberschule,Für alle Fans von Harry Potter und anderen Magiern. Wir statten Euch mit einem Zauberstab aus und Ihr taucht ein in unsere Zauberschule.,2,8,60,https://escape-arena.de/tickets-preise/,https://escape-arena.de/escape-rooms/die-zauberschule/,https://escape-arena.de/wp-content/themes/escape-arena-theme/images/person-icon.png,Fantasy,5/6,false,
16,gpt-4o-mini,12.792942041s,26.035056833s,5,779207,86557,https://escape-arena.de/,Escape Arena Essen,Die Gruselhütte,Traut Euch in unsere Gruselhütte. Es gewittert draußen und die Hälfte von Euch wurde gekidnappt. Findet im Raum zusammen und löst das Rätsel der Gruselhütte. Könnt Ihr die Geister besänftigen und Euch befreien?,2,6,60,https://escape-arena.de/tickets-preise/,https://escape-arena.de/escape-rooms/die-gruselhuette/,https://escape-arena.de/wp-content/themes/escape-arena-theme/images/person-icon.png,Horror,4/6,false,
16,gpt-4o-mini,12.792942041s,26.035057125s,5,779207,86557,https://escape-arena.de/,Escape Arena Essen,Das Ring Abenteuer,"„Ich suche jemanden, der mit in ein Abenteuer zieht.“, sagte Gandalf damals in den Filmen zu Bilbo. Bestreitet nun Euer eigenes Ringabenteuer. Nehmt den einen Ring an Euch und versucht, ihn am Ende dieses Abenteuers in den Vulkan zu werfen. Werdet Ihr es schaffen oder werdet Ihr dem Ring verfallen?",2,8,60,https://escape-arena.de/tickets-preise/,https://escape-arena.de/escape-rooms/das-ring-abenteuer/,https://escape-arena.de/wp-content/themes/escape-arena-theme/images/person-icon.png,Fantasy,5/6,false,
16,gpt-4o-mini,12.792942041s,26.035057333s,5,779207,86557,https://escape-arena.de/,Escape Arena Essen,Fluch der Piraten,Für Fans von Piratenfilmen und der „Fluch der Karibik“-Reihe präsentieren wir unseren „Piraten Escape Raum“. Kommt bald!,2,8,60,https://escape-arena.de/tickets-preise/,https://escape-arena.de/escape-rooms/fluch-der-piraten/,https://escape-arena.de/wp-content/themes/escape-arena-theme/images/person-icon.png,Adventure,5/6,false,
17,gpt-4o-mini,1.009681042s,5.447998458s,1,146442,14730,http://www.zumbay.de/,Gasthof zum Bay - Dubay,,,0,0,0,,,,,,false,failed to navigate: failed to navigate to url: /unsere-dienste: {-32000 Cannot navigate to invalid URL }
18,gpt-4o-mini,51.375072375s,1m21.100174209s,8,1365224,255650,https://www.escaperooms-mannheim.de/,Escape Rooms Mannheim,Gefängnisausbruch,"Wie gut könnt ihr in Gefangenschaft arbeiten? Das Hochsicherheitsgefängnis, in dem ihr festgehalten werdet, scheint ein Ort ohne Ausweg. Könnt ihr Wärter, Sicherheitskräfte und letztendlich euch selbst herausfordern, zusammenzuarbeiten und so einen Ausweg in die Freiheit finden? Ein brillantes Gameplay, das von euch das Beste abverlangt!",2,6,60,https://flexybook.flexybox.com/mannheim/Offer,https://escaperooms-mannheim.de/rooms/gef%C3%A4ngnisausbruch/,https://u.jimcdn.com/cms/o/s3ed07222cedb8ab9/userlayout/img/raum5ma.png,Adventure,schwer,false,
18,gpt-4o-mini,51.375072375s,1m21.100193625s,8,1365224,255650,https://www.escaperooms-mannheim.de/,Escape Rooms Mannheim,Das Geisterhaus,Ihr seid ein Team sehr erfahrener Ermittler des Übernatürlichen. Ein mysteriöser Mann kommt auf euch zu und bietet euch eine riesige Menge Geld. Eure Aufgabe: Die Suche eines mächtigen alten Artefaktes. Ihr seid nicht das erste Team und vergangene Teams wurden nie wieder gesichtet… Nehmt ihr die Herausforderung an?,2,8,60,https://flexybook.flexybox.com/mannheim/Offer,https://escaperooms-mannheim.de/rooms/das-geisterhaus/,https://u.jimcdn.com/cms/o/s3ed07222cedb8ab9/userlayout/img/geisterhaus2.jpg,Horror,mittel,false,
18,gpt-4o-mini,51.375072375s,1m21.100193875s,8,1365224,255650,https://www.escaperooms-mannheim.de/,Escape Rooms Mannheim,Illuminati,"Der Begriff „Illuminati“ ist uns nicht unbekannt. Ihr seid ein Geheimbund, um den es viele Mythen und Mysterien gibt. Es scheint, als seien die Illuminaten vor Jahrhunderten in den Vatikan eingedrungen. Seid zur Stelle und findet die Wahrheit um das verschwundene Artefakt.",2,8,60,https://flexybook.flexybox.com/mannheim/Offer,https://escaperooms-mannheim.de/rooms/illuminati/,https://u.jimcdn.com/cms/o/s3ed07222cedb8ab9/userlayout/img/illuminati2.jpg,Crime,mittel,false,
18,gpt-4o-mini,51.375072375s,1m21.100194084s,8,1365224,255650,https://www.escaperooms-mannheim.de/,Escape Rooms Mannheim,Dracula,Auf deiner Rundreise durch den Balkan legst du einen Stopp in den Südkarpaten ein um in den siebenbürgischen Bergen das sagenumwobene Schloss Vlad III. Dracula‘s zu besichtigen. Während der Gruppenführung setzt du dich von Allen unbemerkt in den verbotenen Sektor des Schlosses ab.,2,8,60,https://flexybook.flexybox.com/mannheim/Offer,https://escaperooms-mannheim.de/rooms/dracula/,https://u.jimcdn.com/cms/o/s3ed07222cedb8ab9/userlayout/img/dracula2.jpg,Fantasy,leicht,false,
18,gpt-4o-mini,51.375072375s,1m21.100194334s,8,1365224,255650,https://www.escaperooms-mannheim.de/,Escape Rooms Mannheim,Aladin,"Auf deiner Reise durch die Stadt Akraba wirst du von einem mysteriösen Händler angesprochen. Dieser erzählt dir von einer magischen Lampe, die das Leben eines armen Straßenjungen für immer verändert haben soll. Nun gilt es, diese Lampe zu finden.",2,6,60,https://flexybook.flexybox.com/mannheim/Offer,https://escaperooms-mannheim.de/rooms/aladin/,https://u.jimcdn.com/cms/o/s3ed07222cedb8ab9/userlayout/img/aladin.png,Fantasy,schwer,false,
18,gpt-4o-mini,51.375072375s,1m21.100194542s,8,1365224,255650,https://www.escaperooms-mannheim.de/,Escape Rooms Mannheim,Exorzist,"Euch hat es an einen verlassenen Ort verschlagen, der von finsteren Energien heimgesucht wird. Eure Aufgabe ist es nun, in beklemmender Atmosphäre das Rätsel um die dämonische Heimsuchung zu lösen und das Böse zu bannen.",2,8,60,https://flexybook.flexybox.com/mannheim/Offer,https://escaperooms-mannheim.de/rooms/exorzist/,https://u.jimcdn.com/cms/o/s3ed07222cedb8ab9/userlayout/img/exorzist2.jpg,Horror,mittel,false,
18,gpt-4o-mini,51.375072375s,1m21.10019475s,8,1365224,255650,https://www.escaperooms-mannheim.de/,Escape Rooms Mannheim,Dr. Jones Abenteuer,Nach einem Flugzeugabsturz in Nordindien begibst du dich zusammen mit Dr. Jones auf die Suche nach den magischen Steinen einer indischen Gottheit. Die Steine wurden vor langer Zeit gestohlen und gelten seither als verschollen. Nun liegt es an dir die Steine ausfindig zu machen und in den Tempel des Todes zurück zu bringen!,2,6,60,https://flexybook.flexybox.com/mannheim/Offer,https://escaperooms-mannheim.de/rooms/dr-jones-abenteuer/,https://u.jimcdn.com/cms/o/s3ed07222cedb8ab9/userlayout/img/indiana02.jpg,Adventure,mittel,false,
19,gpt-4o-mini,17.474065375s,26.096022583s,2,293218,44979,https://www.escape-events.de/,Escape Events,Biohazard,Findet das Antivirus! Ihr befindet Euch im Hochsicherheitslabor von Professor Bishop. Aufgrund eines Stromausfalls konnte ein tödlicher Virus aus der Isolierung entweichen.,2,8,60,https://www.escape-events.de/buchung/#buchen,https://www.escape-events.de/das-spiel/#challenges,https://www.escape-events.de/wp-content/uploads/bfi_thumb/escapeevents_challenges_biohazard_1-nap2xo0hju2xsxwg5h9n3xrlsfdi8tlia82p22m0ig.jpg,Horror,Fortgeschritten,false,
19,gpt-4o-mini,17.474065375s,26.096058791s,2,293218,44979,https://www.escape-events.de/,Escape Events,The Bomb,"Entschärft die Bombe bevor sie hochgeht! Eine ganze Stadt ist in Aufruhr, denn es herrscht Bombenalarm! Der gefährliche Psychopath Mr. Riddle hat die Bombe gelegt.",2,8,60,https://www.escape-events.de/buchung/#buchen,https://www.escape-events.de/das-spiel/#challenges,https://www.escape-events.de/wp-content/uploads/bfi_thumb/escapeevents_challenges_thebomb_1-nap2xo0hju2xsxwg5h9n3xrlsfdi8tlia82p22m0ig.jpg,Crime,Fortgeschritten,false,
19,gpt-4o-mini,17.474065375s,26.096059s,2,293218,44979,https://www.escape-events.de/,Escape Events,Der Tempel,Auf der Jagd nach der goldenen Statue! Ihr seid ein Archäologen-Team auf der abenteuerlichen Suche nach der goldenen Statue.,2,8,60,https://www.escape-events.de/buchung/#buchen,https://www.escape-events.de/das-spiel/#challenges,https://www.escape-events.de/wp-content/uploads/bfi_thumb/escapeevents_challenges_dertempel_1-nap2xm4t660d5pz6gggdyy8olnmrtfe1lyrq3iosuw.jpg,Adventure,Fortgeschritten,false,
19,gpt-4o-mini,17.474065375s,26.09605925s,2,293218,44979,https://www.escape-events.de/,Escape Events,Atlantis,Die versunkene Stadt. Atlantis ist in Aufruhr. Der Luftgenerator ist defekt und die Bewohner mussten Atlantis verlassen.,5,15,60,https://www.escape-events.de/buchung/#buchen,https://www.escape-events.de/das-spiel/#challenges,https://www.escape-events.de/wp-content/uploads/bfi_thumb/eef-94-o20kafoc0lhqqisglps55e4r33ut87jbip32z17ifs.jpeg,Fantasy,Fortgeschritten,false,
19,gpt-4o-mini,17.474065375s,26.096059416s,2,293218,44979,https://www.escape-events.de/,Escape Events,CATAN,Der weltweit erste CATAN-Spielraum! Ihr seid die Bewohner der Insel CATAN und lebt glücklich und zufrieden... bis jetzt!,2,8,60,https://www.escape-events.de/buchung/#buchen,https://www.escape-events.de/das-spiel/#challenges,https://www.escape-events.de/wp-content/uploads/bfi_thumb/ee_catan-12-ocldyrdacxxwu2b8170kmowqp8zfbd6ag3iieu6rdk.jpeg,Fantasy,Fortgeschritten,false,
20,gpt-4o-mini,23.330221792s,37.757217625s,5,752068,125574,https://escapediem.de/,EscapeDiem,JigSaw,"Erlebe echten Nervenkitzel, Grusel und Angst und überlebe die tödlichen Spiele von JigSaw, wenn du dich traust! Ihr erwacht in einem alten Waschraum, die Augen verbunden. Ihr befindet euch in der Gewalt eines psychopathischen Serienmörders. Ihr erhaltet Anweisungen um euren Lebenswillen zu beweisen - euch bleibt nur eine Stunde Zeit. JigSaw ist unser Horror Escape Room Game und für Kinder unter sechzehn Jahren nicht geeignet!",2,6,60,https://escapediem.de/buchungen/,https://escapediem.de/raeume/jigsaw-koennt-ihr-das-puzzle-loesen/,https://escapediem.de/site/assets/files/1042/jigsaw.1250x838-tiny.jpg,Horror,Schwierigkeitsgrad: hoch,false,
20,gpt-4o-mini,23.330221792s,37.757244791s,5,752068,125574,https://escapediem.de/,EscapeDiem,Die geheime Kapelle unter dem Hamburger Michel,"Euer Journalistenteam darf nun als Erstes in die unterirdischen Gewölbe hinabsteigen. Ihr hofft auf eine Story für die Titelseite, aber die Zeit drängt, denn jedes Journalistenteam bekommt nur 60 Minuten Zeit, um sich ein Bild von den alten Gemäuern unter der Erde zu machen. Lasst das Licht der Weisheit die Dunkelheit vertreiben und enthüllt die Geheimnisse!",2,6,60,https://escapediem.de/buchungen/,https://escapediem.de/raeume/die-geheime-kapelle-unter-dem-hamburger-michel/,https://escapediem.de/site/assets/files/1074/bester_live_escape_room_kapelle_hamburg_heiliger_gral_kerzen-1.1250x838-tiny.jpg,Historical,Schwierigkeitsgrad: hoch,false,
20,gpt-4o-mini,23.330221792s,37.757244958s,5,752068,125574,https://escapediem.de/,EscapeDiem,Das Büro des Hamburger Hafenkapitäns,"Ihr seid das erfolgloseste Geheimagententeam der Stadt und steht auf der Abschussliste. Doch ihr bekommt noch eine letzte Chance euren Job zu retten. Der Hamburger Hafenkapitän ist spurlos verschwunden und die gesamte Belegschaft ist ratlos was ihm zugestoßen sein könnte. Die Chefetage gibt euch eine Stunde Zeit, um Ergebnisse zu liefern und den Kapitän ausfindig zu machen.",2,6,60,https://escapediem.de/buchungen/,https://escapediem.de/raeume/das-buero-des-hamburger-hafenkapitaens/,https://escapediem.de/site/assets/files/1099/das_buero_des_hamburger_hafenkapitaen6.1250x0-tiny.jpg,Crime,Schwierigkeitsgrad: niedrig,false,
20,gpt-4o-mini,23.330221792s,37.757245125s,5,752068,125574,https://escapediem.de/,EscapeDiem,Das Geheimnis um Nostradamus,"Begib Dich in eine Phantasievolle Steampunkwelt und Löse das Geheimnis um Nostradamus um dessen Weisheit in Dich aufzunehmen. Ihr seid Alchemisten und das wichtigste Relikt aus eurer Universität wurde entwendet. Der Rektor hat euch ausgewählt auf die Suche zu gehen um das Relikt zurückzubringen, bevor die Zeit abläuft.",2,6,60,https://escapediem.de/buchungen/,https://escapediem.de/raeume/das-geheimnis-um-nostradamus/,https://escapediem.de/site/assets/files/1078/das_geheimnis_um_nostradamus_escapediem_1.1250x838-tiny.jpg,Fantasy,Schwierigkeitsgrad: hoch,false,
